,first,last,next,prev,page,pages,count,type,id,attributes,relationships,links
0,https://www.ebi.ac.uk/metagenomics/api/v1/genomes?page=1,https://www.ebi.ac.uk/metagenomics/api/v1/genomes?page=186,https://www.ebi.ac.uk/metagenomics/api/v1/genomes?page=2,,1,186,4644,genomes,MGYG-HGUT-04644,"{'genome-id': 3094, 'geographic-origin': 'Europe', 'geographic-range': ['North America', 'Europe', 'Asia'], 'accession': 'MGYG-HGUT-04644', 'ena-genome-accession': None, 'ena-sample-accession': 'ERS436840', 'ena-study-accession': 'ERP005534', 'ncbi-genome-accession': None, 'ncbi-sample-accession': None, 'ncbi-study-accession': None, 'img-genome-accession': None, 'patric-genome-accession': None, 'length': 2240162, 'num-contigs': 237, 'n-50': 14090, 'gc-content': 57.36, 'type': 'MAG', 'completeness': 93.96, 'contamination': 0.67, 'rna-5s': 92.44, 'rna-16s': 0.0, 'rna-23s': 0.0, 'trnas': 15.0, 'nc-rnas': 53, 'num-proteins': 2052, 'eggnog-coverage': 83.38, 'ipr-coverage': 83.14, 'taxon-lineage': 'd__Bacteria;p__Firmicutes_A;c__Clostridia;o__Oscillospirales;f__Ruminococcaceae;g__Negativibacillus;s__', 'cmseq': 0.6, 'taxincons': 0.0, 'num-genomes-total': 64, 'num-genomes-non-redundant': 52, 'pangenome-size': 6881, 'pangenome-core-size': 396, 'pangenome-accessory-size': 6485, 'pangenome-eggnog-coverage': 69.55, 'pangenome-ipr-coverage': 70.75, 'last-update': '2020-07-16T15:16:51.793714', 'first-created': '2019-09-17T13:25:57.424898'}","{'kegg-modules-matches': {'links': {'related': 'https://www.ebi.ac.uk/metagenomics/api/v1/genomes/MGYG-HGUT-04644/kegg-module'}}, 'cog-matches': {'links': {'related': 'https://www.ebi.ac.uk/metagenomics/api/v1/genomes/MGYG-HGUT-04644/cogs'}}, 'antismash-geneclusters': {'links': {'related': 'https://www.ebi.ac.uk/metagenomics/api/v1/genomes/MGYG-HGUT-04644/antismash-genecluster'}}, 'biome': {'data': {'type': 'biomes', 'id': 'root:Host-associated:Human:Digestive system:Large intestine'}, 'links': {'related': 'https://www.ebi.ac.uk/metagenomics/api/v1/biomes/root:Host-associated:Human:Digestive%20system:Large%20intestine'}}, 'kegg-class-matches': {'links': {'related': 'https://www.ebi.ac.uk/metagenomics/api/v1/genomes/MGYG-HGUT-04644/kegg-class'}}, 'releases': {'data': [], 'meta': {'count': 0}}, 'downloads': {'links': {'related': 'https://www.ebi.ac.uk/metagenomics/api/v1/genomes/MGYG-HGUT-04644/downloads'}}}",{'self': 'https://www.ebi.ac.uk/metagenomics/api/v1/genomes/MGYG-HGUT-04644'}
1,https://www.ebi.ac.uk/metagenomics/api/v1/genomes?page=1,https://www.ebi.ac.uk/metagenomics/api/v1/genomes?page=186,https://www.ebi.ac.uk/metagenomics/api/v1/genomes?page=2,,1,186,4644,genomes,MGYG-HGUT-04643,"{'genome-id': 1136, 'geographic-origin': 'Europe', 'geographic-range': ['Africa', 'Asia', 'Europe', 'North America', 'Oceania', 'South America'], 'accession': 'MGYG-HGUT-04643', 'ena-genome-accession': None, 'ena-sample-accession': 'ERS436826', 'ena-study-accession': 'ERP005534', 'ncbi-genome-accession': None, 'ncbi-sample-accession': None, 'ncbi-study-accession': None, 'img-genome-accession': None, 'patric-genome-accession': None, 'length': 1975847, 'num-contigs': 11, 'n-50': 433108, 'gc-content': 41.96, 'type': 'MAG', 'completeness': 97.99, 'contamination': 0.0, 'rna-5s': 0.0, 'rna-16s': 0.0, 'rna-23s': 0.0, 'trnas': 19.0, 'nc-rnas': 58, 'num-proteins': 1775, 'eggnog-coverage': 78.99, 'ipr-coverage': 82.03, 'taxon-lineage': 'd__Bacteria;p__Firmicutes_A;c__Clostridia;o__Oscillospirales;f__Acutalibacteraceae;g__Eubacterium_R;s__Eubacterium_R sp003526845', 'cmseq': 0.05, 'taxincons': 0.0, 'num-genomes-total': 246, 'num-genomes-non-redundant': 189, 'pangenome-size': 10065, 'pangenome-core-size': 617, 'pangenome-accessory-size': 9448, 'pangenome-eggnog-coverage': 72.66, 'pangenome-ipr-coverage': 70.39, 'last-update': '2020-07-16T13:42:17.278880', 'first-created': '2019-09-17T11:31:10.681282'}","{'kegg-modules-matches': {'links': {'related': 'https://www.ebi.ac.uk/metagenomics/api/v1/genomes/MGYG-HGUT-04643/kegg-module'}}, 'cog-matches': {'links': {'related': 'https://www.ebi.ac.uk/metagenomics/api/v1/genomes/MGYG-HGUT-04643/cogs'}}, 'antismash-geneclusters': {'links': {'related': 'https://www.ebi.ac.uk/metagenomics/api/v1/genomes/MGYG-HGUT-04643/antismash-genecluster'}}, 'biome': {'data': {'type': 'biomes', 'id': 'root:Host-associated:Human:Digestive system:Large intestine'}, 'links': {'related': 'https://www.ebi.ac.uk/metagenomics/api/v1/biomes/root:Host-associated:Human:Digestive%20system:Large%20intestine'}}, 'kegg-class-matches': {'links': {'related': 'https://www.ebi.ac.uk/metagenomics/api/v1/genomes/MGYG-HGUT-04643/kegg-class'}}, 'releases': {'data': [], 'meta': {'count': 0}}, 'downloads': {'links': {'related': 'https://www.ebi.ac.uk/metagenomics/api/v1/genomes/MGYG-HGUT-04643/downloads'}}}",{'self': 'https://www.ebi.ac.uk/metagenomics/api/v1/genomes/MGYG-HGUT-04643'}
2,https://www.ebi.ac.uk/metagenomics/api/v1/genomes?page=1,https://www.ebi.ac.uk/metagenomics/api/v1/genomes?page=186,https://www.ebi.ac.uk/metagenomics/api/v1/genomes?page=2,,1,186,4644,genomes,MGYG-HGUT-04642,"{'genome-id': 464, 'geographic-origin': 'Europe', 'geographic-range': ['North America', 'Europe', 'Asia'], 'accession': 'MGYG-HGUT-04642', 'ena-genome-accession': None, 'ena-sample-accession': 'ERS436800', 'ena-study-accession': 'ERP005534', 'ncbi-genome-accession': None, 'ncbi-sample-accession': None, 'ncbi-study-accession': None, 'img-genome-accession': None, 'patric-genome-accession': None, 'length': 2001820, 'num-contigs': 23, 'n-50': 153485, 'gc-content': 38.81, 'type': 'MAG', 'completeness': 93.29, 'contamination': 0.0, 'rna-5s': 0.0, 'rna-16s': 13.57, 'rna-23s': 61.26, 'trnas': 19.0, 'nc-rnas': 88, 'num-proteins': 1940, 'eggnog-coverage': 85.52, 'ipr-coverage': 85.93, 'taxon-lineage': 'd__Bacteria;p__Firmicutes_A;c__Clostridia;o__Lachnospirales;f__;g__;s__', 'cmseq': 0.05, 'taxincons': 0.0, 'num-genomes-total': 30, 'num-genomes-non-redundant': 24, 'pangenome-size': 3093, 'pangenome-core-size': 283, 'pangenome-accessory-size': 2810, 'pangenome-eggnog-coverage': 76.2, 'pangenome-ipr-coverage': 76.4, 'last-update': '2020-07-16T13:10:52.314444', 'first-created': '2019-09-17T10:41:02.152700'}","{'kegg-modules-matches': {'links': {'related': 'https://www.ebi.ac.uk/metagenomics/api/v1/genomes/MGYG-HGUT-04642/kegg-module'}}, 'cog-matches': {'links': {'related': 'https://www.ebi.ac.uk/metagenomics/api/v1/genomes/MGYG-HGUT-04642/cogs'}}, 'antismash-geneclusters': {'links': {'related': 'https://www.ebi.ac.uk/metagenomics/api/v1/genomes/MGYG-HGUT-04642/antismash-genecluster'}}, 'biome': {'data': {'type': 'biomes', 'id': 'root:Host-associated:Human:Digestive system:Large intestine'}, 'links': {'related': 'https://www.ebi.ac.uk/metagenomics/api/v1/biomes/root:Host-associated:Human:Digestive%20system:Large%20intestine'}}, 'kegg-class-matches': {'links': {'related': 'https://www.ebi.ac.uk/metagenomics/api/v1/genomes/MGYG-HGUT-04642/kegg-class'}}, 'releases': {'data': [], 'meta': {'count': 0}}, 'downloads': {'links': {'related': 'https://www.ebi.ac.uk/metagenomics/api/v1/genomes/MGYG-HGUT-04642/downloads'}}}",{'self': 'https://www.ebi.ac.uk/metagenomics/api/v1/genomes/MGYG-HGUT-04642'}
3,https://www.ebi.ac.uk/metagenomics/api/v1/genomes?page=1,https://www.ebi.ac.uk/metagenomics/api/v1/genomes?page=186,https://www.ebi.ac.uk/metagenomics/api/v1/genomes?page=2,,1,186,4644,genomes,MGYG-HGUT-04641,"{'genome-id': 995, 'geographic-origin': 'Europe', 'geographic-range': [], 'accession': 'MGYG-HGUT-04641', 'ena-genome-accession': None, 'ena-sample-accession': 'ERS436802', 'ena-study-accession': 'ERP005534', 'ncbi-genome-accession': None, 'ncbi-sample-accession': None, 'ncbi-study-accession': None, 'img-genome-accession': None, 'patric-genome-accession': None, 'length': 1772088, 'num-contigs': 174, 'n-50': 17325, 'gc-content': 62.69, 'type': 'MAG', 'completeness': 68.94, 'contamination': 0.0, 'rna-5s': 0.0, 'rna-16s': 0.0, 'rna-23s': 0.0, 'trnas': 14.0, 'nc-rnas': 41, 'num-proteins': 1420, 'eggnog-coverage': 91.55, 'ipr-coverage': 92.04, 'taxon-lineage': 'd__Bacteria;p__Proteobacteria;c__Gammaproteobacteria;o__Burkholderiales;f__Burkholderiaceae;g__Sutterella;s__', 'cmseq': 0.2, 'taxincons': 0.0, 'num-genomes-total': None, 'num-genomes-non-redundant': None, 'pangenome-size': None, 'pangenome-core-size': None, 'pangenome-accessory-size': None, 'pangenome-eggnog-coverage': None, 'pangenome-ipr-coverage': None, 'last-update': '2020-07-16T13:35:36.651890', 'first-created': '2019-09-17T11:20:11.661023'}","{'kegg-modules-matches': {'links': {'related': 'https://www.ebi.ac.uk/metagenomics/api/v1/genomes/MGYG-HGUT-04641/kegg-module'}}, 'cog-matches': {'links': {'related': 'https://www.ebi.ac.uk/metagenomics/api/v1/genomes/MGYG-HGUT-04641/cogs'}}, 'antismash-geneclusters': {'links': {'related': 'https://www.ebi.ac.uk/metagenomics/api/v1/genomes/MGYG-HGUT-04641/antismash-genecluster'}}, 'biome': {'data': {'type': 'biomes', 'id': 'root:Host-associated:Human:Digestive system:Large intestine'}, 'links': {'related': 'https://www.ebi.ac.uk/metagenomics/api/v1/biomes/root:Host-associated:Human:Digestive%20system:Large%20intestine'}}, 'kegg-class-matches': {'links': {'related': 'https://www.ebi.ac.uk/metagenomics/api/v1/genomes/MGYG-HGUT-04641/kegg-class'}}, 'releases': {'data': [], 'meta': {'count': 0}}, 'downloads': {'links': {'related': 'https://www.ebi.ac.uk/metagenomics/api/v1/genomes/MGYG-HGUT-04641/downloads'}}}",{'self': 'https://www.ebi.ac.uk/metagenomics/api/v1/genomes/MGYG-HGUT-04641'}
4,https://www.ebi.ac.uk/metagenomics/api/v1/genomes?page=1,https://www.ebi.ac.uk/metagenomics/api/v1/genomes?page=186,https://www.ebi.ac.uk/metagenomics/api/v1/genomes?page=2,,1,186,4644,genomes,MGYG-HGUT-04640,"{'genome-id': 498, 'geographic-origin': 'Europe', 'geographic-range': ['Europe', 'Asia'], 'accession': 'MGYG-HGUT-04640', 'ena-genome-accession': None, 'ena-sample-accession': 'ERS436824', 'ena-study-accession': 'ERP005534', 'ncbi-genome-accession': None, 'ncbi-sample-accession': None, 'ncbi-study-accession': None, 'img-genome-accession': None, 'patric-genome-accession': None, 'length': 2596429, 'num-contigs': 276, 'n-50': 11755, 'gc-content': 51.72, 'type': 'MAG', 'completeness': 84.97, 'contamination': 0.35, 'rna-5s': 0.0, 'rna-16s': 0.0, 'rna-23s': 0.0, 'trnas': 11.0, 'nc-rnas': 25, 'num-proteins': 2123, 'eggnog-coverage': 84.5, 'ipr-coverage': 82.01, 'taxon-lineage': 'd__Bacteria;p__Bacteroidota;c__Bacteroidia;o__Bacteroidales;f__Bacteroidaceae;g__Prevotella;s__', 'cmseq': 1.09, 'taxincons': 0.0, 'num-genomes-total': 11, 'num-genomes-non-redundant': 10, 'pangenome-size': 3870, 'pangenome-core-size': 1133, 'pangenome-accessory-size': 2737, 'pangenome-eggnog-coverage': 80.41, 'pangenome-ipr-coverage': 76.36, 'last-update': '2020-07-16T13:12:40.821941', 'first-created': '2019-09-17T10:43:53.249070'}","{'kegg-modules-matches': {'links': {'related': 'https://www.ebi.ac.uk/metagenomics/api/v1/genomes/MGYG-HGUT-04640/kegg-module'}}, 'cog-matches': {'links': {'related': 'https://www.ebi.ac.uk/metagenomics/api/v1/genomes/MGYG-HGUT-04640/cogs'}}, 'antismash-geneclusters': {'links': {'related': 'https://www.ebi.ac.uk/metagenomics/api/v1/genomes/MGYG-HGUT-04640/antismash-genecluster'}}, 'biome': {'data': {'type': 'biomes', 'id': 'root:Host-associated:Human:Digestive system:Large intestine'}, 'links': {'related': 'https://www.ebi.ac.uk/metagenomics/api/v1/biomes/root:Host-associated:Human:Digestive%20system:Large%20intestine'}}, 'kegg-class-matches': {'links': {'related': 'https://www.ebi.ac.uk/metagenomics/api/v1/genomes/MGYG-HGUT-04640/kegg-class'}}, 'releases': {'data': [], 'meta': {'count': 0}}, 'downloads': {'links': {'related': 'https://www.ebi.ac.uk/metagenomics/api/v1/genomes/MGYG-HGUT-04640/downloads'}}}",{'self': 'https://www.ebi.ac.uk/metagenomics/api/v1/genomes/MGYG-HGUT-04640'}
5,https://www.ebi.ac.uk/metagenomics/api/v1/genomes?page=1,https://www.ebi.ac.uk/metagenomics/api/v1/genomes?page=186,https://www.ebi.ac.uk/metagenomics/api/v1/genomes?page=2,,1,186,4644,genomes,MGYG-HGUT-04639,"{'genome-id': 4542, 'geographic-origin': 'Europe', 'geographic-range': ['North America', 'Europe', 'Asia', 'Oceania'], 'accession': 'MGYG-HGUT-04639', 'ena-genome-accession': None, 'ena-sample-accession': 'ERS436827', 'ena-study-accession': 'ERP005534', 'ncbi-genome-accession': None, 'ncbi-sample-accession': None, 'ncbi-study-accession': None, 'img-genome-accession': None, 'patric-genome-accession': None, 'length': 1878053, 'num-contigs': 13, 'n-50': 224209, 'gc-content': 45.6, 'type': 'MAG', 'completeness': 98.92, 'contamination': 0.0, 'rna-5s': 0.0, 'rna-16s': 0.0, 'rna-23s': 0.0, 'trnas': 20.0, 'nc-rnas': 47, 'num-proteins': 1869, 'eggnog-coverage': 64.42, 'ipr-coverage': 74.37, 'taxon-lineage': 'd__Bacteria;p__Proteobacteria;c__Alphaproteobacteria;o__RF32;f__CAG-239;g__CAG-495;s__CAG-495 sp000432275', 'cmseq': 0.05, 'taxincons': 0.0, 'num-genomes-total': 188, 'num-genomes-non-redundant': 135, 'pangenome-size': 7826, 'pangenome-core-size': 980, 'pangenome-accessory-size': 6846, 'pangenome-eggnog-coverage': 52.02, 'pangenome-ipr-coverage': 60.09, 'last-update': '2020-07-16T16:25:52.895641', 'first-created': '2019-09-17T14:49:36.025610'}","{'kegg-modules-matches': {'links': {'related': 'https://www.ebi.ac.uk/metagenomics/api/v1/genomes/MGYG-HGUT-04639/kegg-module'}}, 'cog-matches': {'links': {'related': 'https://www.ebi.ac.uk/metagenomics/api/v1/genomes/MGYG-HGUT-04639/cogs'}}, 'antismash-geneclusters': {'links': {'related': 'https://www.ebi.ac.uk/metagenomics/api/v1/genomes/MGYG-HGUT-04639/antismash-genecluster'}}, 'biome': {'data': {'type': 'biomes', 'id': 'root:Host-associated:Human:Digestive system:Large intestine'}, 'links': {'related': 'https://www.ebi.ac.uk/metagenomics/api/v1/biomes/root:Host-associated:Human:Digestive%20system:Large%20intestine'}}, 'kegg-class-matches': {'links': {'related': 'https://www.ebi.ac.uk/metagenomics/api/v1/genomes/MGYG-HGUT-04639/kegg-class'}}, 'releases': {'data': [], 'meta': {'count': 0}}, 'downloads': {'links': {'related': 'https://www.ebi.ac.uk/metagenomics/api/v1/genomes/MGYG-HGUT-04639/downloads'}}}",{'self': 'https://www.ebi.ac.uk/metagenomics/api/v1/genomes/MGYG-HGUT-04639'}
6,https://www.ebi.ac.uk/metagenomics/api/v1/genomes?page=1,https://www.ebi.ac.uk/metagenomics/api/v1/genomes?page=186,https://www.ebi.ac.uk/metagenomics/api/v1/genomes?page=2,,1,186,4644,genomes,MGYG-HGUT-04638,"{'genome-id': 4207, 'geographic-origin': 'Europe', 'geographic-range': [], 'accession': 'MGYG-HGUT-04638', 'ena-genome-accession': None, 'ena-sample-accession': 'ERS436833', 'ena-study-accession': 'ERP005534', 'ncbi-genome-accession': None, 'ncbi-sample-accession': None, 'ncbi-study-accession': None, 'img-genome-accession': None, 'patric-genome-accession': None, 'length': 1864341, 'num-contigs': 81, 'n-50': 34081, 'gc-content': 47.5, 'type': 'MAG', 'completeness': 68.79, 'contamination': 0.56, 'rna-5s': 0.0, 'rna-16s': 0.0, 'rna-23s': 0.0, 'trnas': 17.0, 'nc-rnas': 39, 'num-proteins': 1424, 'eggnog-coverage': 87.71, 'ipr-coverage': 84.9, 'taxon-lineage': 'd__Bacteria;p__Bacteroidota;c__Bacteroidia;o__Bacteroidales;f__Bacteroidaceae;g__F0040;s__F0040 sp000318095', 'cmseq': 0.23, 'taxincons': 0.0, 'num-genomes-total': None, 'num-genomes-non-redundant': None, 'pangenome-size': None, 'pangenome-core-size': None, 'pangenome-accessory-size': None, 'pangenome-eggnog-coverage': None, 'pangenome-ipr-coverage': None, 'last-update': '2020-07-16T16:10:25.346415', 'first-created': '2019-09-17T14:30:27.280593'}","{'kegg-modules-matches': {'links': {'related': 'https://www.ebi.ac.uk/metagenomics/api/v1/genomes/MGYG-HGUT-04638/kegg-module'}}, 'cog-matches': {'links': {'related': 'https://www.ebi.ac.uk/metagenomics/api/v1/genomes/MGYG-HGUT-04638/cogs'}}, 'antismash-geneclusters': {'links': {'related': 'https://www.ebi.ac.uk/metagenomics/api/v1/genomes/MGYG-HGUT-04638/antismash-genecluster'}}, 'biome': {'data': {'type': 'biomes', 'id': 'root:Host-associated:Human:Digestive system:Large intestine'}, 'links': {'related': 'https://www.ebi.ac.uk/metagenomics/api/v1/biomes/root:Host-associated:Human:Digestive%20system:Large%20intestine'}}, 'kegg-class-matches': {'links': {'related': 'https://www.ebi.ac.uk/metagenomics/api/v1/genomes/MGYG-HGUT-04638/kegg-class'}}, 'releases': {'data': [], 'meta': {'count': 0}}, 'downloads': {'links': {'related': 'https://www.ebi.ac.uk/metagenomics/api/v1/genomes/MGYG-HGUT-04638/downloads'}}}",{'self': 'https://www.ebi.ac.uk/metagenomics/api/v1/genomes/MGYG-HGUT-04638'}
7,https://www.ebi.ac.uk/metagenomics/api/v1/genomes?page=1,https://www.ebi.ac.uk/metagenomics/api/v1/genomes?page=186,https://www.ebi.ac.uk/metagenomics/api/v1/genomes?page=2,,1,186,4644,genomes,MGYG-HGUT-04637,"{'genome-id': 3903, 'geographic-origin': 'Europe', 'geographic-range': ['Europe', 'Asia'], 'accession': 'MGYG-HGUT-04637', 'ena-genome-accession': None, 'ena-sample-accession': 'ERS436812', 'ena-study-accession': 'ERP005534', 'ncbi-genome-accession': None, 'ncbi-sample-accession': None, 'ncbi-study-accession': None, 'img-genome-accession': None, 'patric-genome-accession': None, 'length': 1523029, 'num-contigs': 182, 'n-50': 12938, 'gc-content': 52.69, 'type': 'MAG', 'completeness': 96.74, 'contamination': 0.24, 'rna-5s': 95.8, 'rna-16s': 0.0, 'rna-23s': 34.15, 'trnas': 17.0, 'nc-rnas': 50, 'num-proteins': 1362, 'eggnog-coverage': 87.08, 'ipr-coverage': 88.03, 'taxon-lineage': 'd__Bacteria;p__Proteobacteria;c__Gammaproteobacteria;o__Burkholderiales;f__Burkholderiaceae;g__Duodenibacillus;s__', 'cmseq': 0.08, 'taxincons': 0.0, 'num-genomes-total': 17, 'num-genomes-non-redundant': 12, 'pangenome-size': 2431, 'pangenome-core-size': 678, 'pangenome-accessory-size': 1753, 'pangenome-eggnog-coverage': 73.02, 'pangenome-ipr-coverage': 75.69, 'last-update': '2020-07-16T15:55:45.685149', 'first-created': '2019-09-17T14:11:58.621533'}","{'kegg-modules-matches': {'links': {'related': 'https://www.ebi.ac.uk/metagenomics/api/v1/genomes/MGYG-HGUT-04637/kegg-module'}}, 'cog-matches': {'links': {'related': 'https://www.ebi.ac.uk/metagenomics/api/v1/genomes/MGYG-HGUT-04637/cogs'}}, 'antismash-geneclusters': {'links': {'related': 'https://www.ebi.ac.uk/metagenomics/api/v1/genomes/MGYG-HGUT-04637/antismash-genecluster'}}, 'biome': {'data': {'type': 'biomes', 'id': 'root:Host-associated:Human:Digestive system:Large intestine'}, 'links': {'related': 'https://www.ebi.ac.uk/metagenomics/api/v1/biomes/root:Host-associated:Human:Digestive%20system:Large%20intestine'}}, 'kegg-class-matches': {'links': {'related': 'https://www.ebi.ac.uk/metagenomics/api/v1/genomes/MGYG-HGUT-04637/kegg-class'}}, 'releases': {'data': [], 'meta': {'count': 0}}, 'downloads': {'links': {'related': 'https://www.ebi.ac.uk/metagenomics/api/v1/genomes/MGYG-HGUT-04637/downloads'}}}",{'self': 'https://www.ebi.ac.uk/metagenomics/api/v1/genomes/MGYG-HGUT-04637'}
8,https://www.ebi.ac.uk/metagenomics/api/v1/genomes?page=1,https://www.ebi.ac.uk/metagenomics/api/v1/genomes?page=186,https://www.ebi.ac.uk/metagenomics/api/v1/genomes?page=2,,1,186,4644,genomes,MGYG-HGUT-04636,"{'genome-id': 163, 'geographic-origin': 'Europe', 'geographic-range': [], 'accession': 'MGYG-HGUT-04636', 'ena-genome-accession': None, 'ena-sample-accession': 'ERS436812', 'ena-study-accession': 'ERP005534', 'ncbi-genome-accession': None, 'ncbi-sample-accession': None, 'ncbi-study-accession': None, 'img-genome-accession': None, 'patric-genome-accession': None, 'length': 2253564, 'num-contigs': 125, 'n-50': 31090, 'gc-content': 53.66, 'type': 'MAG', 'completeness': 82.29, 'contamination': 1.76, 'rna-5s': 0.0, 'rna-16s': 0.0, 'rna-23s': 0.0, 'trnas': 17.0, 'nc-rnas': 42, 'num-proteins': 1899, 'eggnog-coverage': 88.41, 'ipr-coverage': 89.63, 'taxon-lineage': 'd__Bacteria;p__Bacteroidota;c__Bacteroidia;o__Bacteroidales;f__Muribaculaceae;g__Paramuribaculum;s__', 'cmseq': 0.41, 'taxincons': 0.0, 'num-genomes-total': None, 'num-genomes-non-redundant': None, 'pangenome-size': None, 'pangenome-core-size': None, 'pangenome-accessory-size': None, 'pangenome-eggnog-coverage': None, 'pangenome-ipr-coverage': None, 'last-update': '2020-07-16T12:56:18.465264', 'first-created': '2019-09-17T10:20:27.653897'}","{'kegg-modules-matches': {'links': {'related': 'https://www.ebi.ac.uk/metagenomics/api/v1/genomes/MGYG-HGUT-04636/kegg-module'}}, 'cog-matches': {'links': {'related': 'https://www.ebi.ac.uk/metagenomics/api/v1/genomes/MGYG-HGUT-04636/cogs'}}, 'antismash-geneclusters': {'links': {'related': 'https://www.ebi.ac.uk/metagenomics/api/v1/genomes/MGYG-HGUT-04636/antismash-genecluster'}}, 'biome': {'data': {'type': 'biomes', 'id': 'root:Host-associated:Human:Digestive system:Large intestine'}, 'links': {'related': 'https://www.ebi.ac.uk/metagenomics/api/v1/biomes/root:Host-associated:Human:Digestive%20system:Large%20intestine'}}, 'kegg-class-matches': {'links': {'related': 'https://www.ebi.ac.uk/metagenomics/api/v1/genomes/MGYG-HGUT-04636/kegg-class'}}, 'releases': {'data': [], 'meta': {'count': 0}}, 'downloads': {'links': {'related': 'https://www.ebi.ac.uk/metagenomics/api/v1/genomes/MGYG-HGUT-04636/downloads'}}}",{'self': 'https://www.ebi.ac.uk/metagenomics/api/v1/genomes/MGYG-HGUT-04636'}
9,https://www.ebi.ac.uk/metagenomics/api/v1/genomes?page=1,https://www.ebi.ac.uk/metagenomics/api/v1/genomes?page=186,https://www.ebi.ac.uk/metagenomics/api/v1/genomes?page=2,,1,186,4644,genomes,MGYG-HGUT-04635,"{'genome-id': 3717, 'geographic-origin': 'Europe', 'geographic-range': [], 'accession': 'MGYG-HGUT-04635', 'ena-genome-accession': None, 'ena-sample-accession': 'ERS436829', 'ena-study-accession': 'ERP005534', 'ncbi-genome-accession': None, 'ncbi-sample-accession': None, 'ncbi-study-accession': None, 'img-genome-accession': None, 'patric-genome-accession': None, 'length': 1613361, 'num-contigs': 352, 'n-50': 5810, 'gc-content': 62.68, 'type': 'MAG', 'completeness': 78.64, 'contamination': 1.49, 'rna-5s': 86.55, 'rna-16s': 0.0, 'rna-23s': 5.44, 'trnas': 13.0, 'nc-rnas': 47, 'num-proteins': 1590, 'eggnog-coverage': 78.36, 'ipr-coverage': 83.71, 'taxon-lineage': 'd__Bacteria;p__Actinobacteriota;c__Coriobacteriia;o__Coriobacteriales;f__Eggerthellaceae;g__;s__', 'cmseq': 1.39, 'taxincons': 0.0, 'num-genomes-total': None, 'num-genomes-non-redundant': None, 'pangenome-size': None, 'pangenome-core-size': None, 'pangenome-accessory-size': None, 'pangenome-eggnog-coverage': None, 'pangenome-ipr-coverage': None, 'last-update': '2020-07-16T15:47:10.370852', 'first-created': '2019-09-17T14:01:51.585021'}","{'kegg-modules-matches': {'links': {'related': 'https://www.ebi.ac.uk/metagenomics/api/v1/genomes/MGYG-HGUT-04635/kegg-module'}}, 'cog-matches': {'links': {'related': 'https://www.ebi.ac.uk/metagenomics/api/v1/genomes/MGYG-HGUT-04635/cogs'}}, 'antismash-geneclusters': {'links': {'related': 'https://www.ebi.ac.uk/metagenomics/api/v1/genomes/MGYG-HGUT-04635/antismash-genecluster'}}, 'biome': {'data': {'type': 'biomes', 'id': 'root:Host-associated:Human:Digestive system:Large intestine'}, 'links': {'related': 'https://www.ebi.ac.uk/metagenomics/api/v1/biomes/root:Host-associated:Human:Digestive%20system:Large%20intestine'}}, 'kegg-class-matches': {'links': {'related': 'https://www.ebi.ac.uk/metagenomics/api/v1/genomes/MGYG-HGUT-04635/kegg-class'}}, 'releases': {'data': [], 'meta': {'count': 0}}, 'downloads': {'links': {'related': 'https://www.ebi.ac.uk/metagenomics/api/v1/genomes/MGYG-HGUT-04635/downloads'}}}",{'self': 'https://www.ebi.ac.uk/metagenomics/api/v1/genomes/MGYG-HGUT-04635'}
10,https://www.ebi.ac.uk/metagenomics/api/v1/genomes?page=1,https://www.ebi.ac.uk/metagenomics/api/v1/genomes?page=186,https://www.ebi.ac.uk/metagenomics/api/v1/genomes?page=2,,1,186,4644,genomes,MGYG-HGUT-04634,"{'genome-id': 717, 'geographic-origin': 'Europe', 'geographic-range': [], 'accession': 'MGYG-HGUT-04634', 'ena-genome-accession': None, 'ena-sample-accession': 'ERS436817', 'ena-study-accession': 'ERP005534', 'ncbi-genome-accession': None, 'ncbi-sample-accession': None, 'ncbi-study-accession': None, 'img-genome-accession': None, 'patric-genome-accession': None, 'length': 2025534, 'num-contigs': 369, 'n-50': 6722, 'gc-content': 35.03, 'type': 'MAG', 'completeness': 90.44, 'contamination': 0.78, 'rna-5s': 0.0, 'rna-16s': 0.0, 'rna-23s': 0.0, 'trnas': 11.0, 'nc-rnas': 48, 'num-proteins': 1820, 'eggnog-coverage': 88.24, 'ipr-coverage': 88.79, 'taxon-lineage': 'd__Bacteria;p__Firmicutes_A;c__Clostridia;o__Lachnospirales;f__CAG-274;g__;s__', 'cmseq': 0.24, 'taxincons': 0.0, 'num-genomes-total': None, 'num-genomes-non-redundant': None, 'pangenome-size': None, 'pangenome-core-size': None, 'pangenome-accessory-size': None, 'pangenome-eggnog-coverage': None, 'pangenome-ipr-coverage': None, 'last-update': '2020-07-16T13:23:11.354473', 'first-created': '2019-09-17T10:59:58.670081'}","{'kegg-modules-matches': {'links': {'related': 'https://www.ebi.ac.uk/metagenomics/api/v1/genomes/MGYG-HGUT-04634/kegg-module'}}, 'cog-matches': {'links': {'related': 'https://www.ebi.ac.uk/metagenomics/api/v1/genomes/MGYG-HGUT-04634/cogs'}}, 'antismash-geneclusters': {'links': {'related': 'https://www.ebi.ac.uk/metagenomics/api/v1/genomes/MGYG-HGUT-04634/antismash-genecluster'}}, 'biome': {'data': {'type': 'biomes', 'id': 'root:Host-associated:Human:Digestive system:Large intestine'}, 'links': {'related': 'https://www.ebi.ac.uk/metagenomics/api/v1/biomes/root:Host-associated:Human:Digestive%20system:Large%20intestine'}}, 'kegg-class-matches': {'links': {'related': 'https://www.ebi.ac.uk/metagenomics/api/v1/genomes/MGYG-HGUT-04634/kegg-class'}}, 'releases': {'data': [], 'meta': {'count': 0}}, 'downloads': {'links': {'related': 'https://www.ebi.ac.uk/metagenomics/api/v1/genomes/MGYG-HGUT-04634/downloads'}}}",{'self': 'https://www.ebi.ac.uk/metagenomics/api/v1/genomes/MGYG-HGUT-04634'}
11,https://www.ebi.ac.uk/metagenomics/api/v1/genomes?page=1,https://www.ebi.ac.uk/metagenomics/api/v1/genomes?page=186,https://www.ebi.ac.uk/metagenomics/api/v1/genomes?page=2,,1,186,4644,genomes,MGYG-HGUT-04633,"{'genome-id': 1773, 'geographic-origin': 'Europe', 'geographic-range': ['Europe'], 'accession': 'MGYG-HGUT-04633', 'ena-genome-accession': None, 'ena-sample-accession': 'ERS436817', 'ena-study-accession': 'ERP005534', 'ncbi-genome-accession': None, 'ncbi-sample-accession': None, 'ncbi-study-accession': None, 'img-genome-accession': None, 'patric-genome-accession': None, 'length': 2814686, 'num-contigs': 257, 'n-50': 16788, 'gc-content': 29.24, 'type': 'MAG', 'completeness': 99.06, 'contamination': 0.0, 'rna-5s': 68.07, 'rna-16s': 0.0, 'rna-23s': 11.32, 'trnas': 12.0, 'nc-rnas': 56, 'num-proteins': 2733, 'eggnog-coverage': 90.67, 'ipr-coverage': 87.52, 'taxon-lineage': 'd__Bacteria;p__Firmicutes;c__Bacilli;o__Erysipelotrichales;f__Erysipelatoclostridiaceae;g__Erysipelatoclostridium;s__Erysipelatoclostridium sp002160495', 'cmseq': 0.14, 'taxincons': 0.0, 'num-genomes-total': 2, 'num-genomes-non-redundant': 2, 'pangenome-size': 3535, 'pangenome-core-size': 2112, 'pangenome-accessory-size': 1423, 'pangenome-eggnog-coverage': 86.48, 'pangenome-ipr-coverage': 83.25, 'last-update': '2020-07-16T14:14:07.564517', 'first-created': '2019-09-17T12:10:34.696230'}","{'kegg-modules-matches': {'links': {'related': 'https://www.ebi.ac.uk/metagenomics/api/v1/genomes/MGYG-HGUT-04633/kegg-module'}}, 'cog-matches': {'links': {'related': 'https://www.ebi.ac.uk/metagenomics/api/v1/genomes/MGYG-HGUT-04633/cogs'}}, 'antismash-geneclusters': {'links': {'related': 'https://www.ebi.ac.uk/metagenomics/api/v1/genomes/MGYG-HGUT-04633/antismash-genecluster'}}, 'biome': {'data': {'type': 'biomes', 'id': 'root:Host-associated:Human:Digestive system:Large intestine'}, 'links': {'related': 'https://www.ebi.ac.uk/metagenomics/api/v1/biomes/root:Host-associated:Human:Digestive%20system:Large%20intestine'}}, 'kegg-class-matches': {'links': {'related': 'https://www.ebi.ac.uk/metagenomics/api/v1/genomes/MGYG-HGUT-04633/kegg-class'}}, 'releases': {'data': [], 'meta': {'count': 0}}, 'downloads': {'links': {'related': 'https://www.ebi.ac.uk/metagenomics/api/v1/genomes/MGYG-HGUT-04633/downloads'}}}",{'self': 'https://www.ebi.ac.uk/metagenomics/api/v1/genomes/MGYG-HGUT-04633'}
12,https://www.ebi.ac.uk/metagenomics/api/v1/genomes?page=1,https://www.ebi.ac.uk/metagenomics/api/v1/genomes?page=186,https://www.ebi.ac.uk/metagenomics/api/v1/genomes?page=2,,1,186,4644,genomes,MGYG-HGUT-04632,"{'genome-id': 2795, 'geographic-origin': 'Europe', 'geographic-range': ['Africa', 'Asia', 'Europe', 'North America', 'Oceania', 'South America'], 'accession': 'MGYG-HGUT-04632', 'ena-genome-accession': None, 'ena-sample-accession': 'ERS436819', 'ena-study-accession': 'ERP005534', 'ncbi-genome-accession': None, 'ncbi-sample-accession': None, 'ncbi-study-accession': None, 'img-genome-accession': None, 'patric-genome-accession': None, 'length': 2937832, 'num-contigs': 75, 'n-50': 67997, 'gc-content': 53.6, 'type': 'MAG', 'completeness': 98.19, 'contamination': 0.68, 'rna-5s': 0.0, 'rna-16s': 0.0, 'rna-23s': 0.0, 'trnas': 16.0, 'nc-rnas': 51, 'num-proteins': 2258, 'eggnog-coverage': 81.44, 'ipr-coverage': 80.34, 'taxon-lineage': 'd__Bacteria;p__Bacteroidota;c__Bacteroidia;o__Bacteroidales;f__Bacteroidaceae;g__Prevotella;s__Prevotella sp002300055', 'cmseq': 0.13, 'taxincons': 0.0, 'num-genomes-total': 93, 'num-genomes-non-redundant': 70, 'pangenome-size': 7372, 'pangenome-core-size': 1285, 'pangenome-accessory-size': 6087, 'pangenome-eggnog-coverage': 62.56, 'pangenome-ipr-coverage': 62.62, 'last-update': '2020-07-16T15:02:41.871276', 'first-created': '2019-09-17T13:09:07.949856'}","{'kegg-modules-matches': {'links': {'related': 'https://www.ebi.ac.uk/metagenomics/api/v1/genomes/MGYG-HGUT-04632/kegg-module'}}, 'cog-matches': {'links': {'related': 'https://www.ebi.ac.uk/metagenomics/api/v1/genomes/MGYG-HGUT-04632/cogs'}}, 'antismash-geneclusters': {'links': {'related': 'https://www.ebi.ac.uk/metagenomics/api/v1/genomes/MGYG-HGUT-04632/antismash-genecluster'}}, 'biome': {'data': {'type': 'biomes', 'id': 'root:Host-associated:Human:Digestive system:Large intestine'}, 'links': {'related': 'https://www.ebi.ac.uk/metagenomics/api/v1/biomes/root:Host-associated:Human:Digestive%20system:Large%20intestine'}}, 'kegg-class-matches': {'links': {'related': 'https://www.ebi.ac.uk/metagenomics/api/v1/genomes/MGYG-HGUT-04632/kegg-class'}}, 'releases': {'data': [], 'meta': {'count': 0}}, 'downloads': {'links': {'related': 'https://www.ebi.ac.uk/metagenomics/api/v1/genomes/MGYG-HGUT-04632/downloads'}}}",{'self': 'https://www.ebi.ac.uk/metagenomics/api/v1/genomes/MGYG-HGUT-04632'}
13,https://www.ebi.ac.uk/metagenomics/api/v1/genomes?page=1,https://www.ebi.ac.uk/metagenomics/api/v1/genomes?page=186,https://www.ebi.ac.uk/metagenomics/api/v1/genomes?page=2,,1,186,4644,genomes,MGYG-HGUT-04631,"{'genome-id': 4115, 'geographic-origin': 'Europe', 'geographic-range': ['North America', 'Europe'], 'accession': 'MGYG-HGUT-04631', 'ena-genome-accession': None, 'ena-sample-accession': 'ERS436819', 'ena-study-accession': 'ERP005534', 'ncbi-genome-accession': None, 'ncbi-sample-accession': None, 'ncbi-study-accession': None, 'img-genome-accession': None, 'patric-genome-accession': None, 'length': 1746417, 'num-contigs': 210, 'n-50': 11768, 'gc-content': 46.49, 'type': 'MAG', 'completeness': 93.17, 'contamination': 0.0, 'rna-5s': 0.0, 'rna-16s': 0.0, 'rna-23s': 0.0, 'trnas': 16.0, 'nc-rnas': 42, 'num-proteins': 1520, 'eggnog-coverage': 91.58, 'ipr-coverage': 90.79, 'taxon-lineage': 'd__Bacteria;p__Firmicutes_A;c__Clostridia;o__Peptostreptococcales;f__Anaerovoracaceae;g__Mogibacterium;s__Mogibacterium sp900315625', 'cmseq': 0.15, 'taxincons': 0.0, 'num-genomes-total': 3, 'num-genomes-non-redundant': 3, 'pangenome-size': 1895, 'pangenome-core-size': 402, 'pangenome-accessory-size': 1493, 'pangenome-eggnog-coverage': 88.71, 'pangenome-ipr-coverage': 87.86, 'last-update': '2020-07-16T16:06:07.140044', 'first-created': '2019-09-17T14:24:47.927067'}","{'kegg-modules-matches': {'links': {'related': 'https://www.ebi.ac.uk/metagenomics/api/v1/genomes/MGYG-HGUT-04631/kegg-module'}}, 'cog-matches': {'links': {'related': 'https://www.ebi.ac.uk/metagenomics/api/v1/genomes/MGYG-HGUT-04631/cogs'}}, 'antismash-geneclusters': {'links': {'related': 'https://www.ebi.ac.uk/metagenomics/api/v1/genomes/MGYG-HGUT-04631/antismash-genecluster'}}, 'biome': {'data': {'type': 'biomes', 'id': 'root:Host-associated:Human:Digestive system:Large intestine'}, 'links': {'related': 'https://www.ebi.ac.uk/metagenomics/api/v1/biomes/root:Host-associated:Human:Digestive%20system:Large%20intestine'}}, 'kegg-class-matches': {'links': {'related': 'https://www.ebi.ac.uk/metagenomics/api/v1/genomes/MGYG-HGUT-04631/kegg-class'}}, 'releases': {'data': [], 'meta': {'count': 0}}, 'downloads': {'links': {'related': 'https://www.ebi.ac.uk/metagenomics/api/v1/genomes/MGYG-HGUT-04631/downloads'}}}",{'self': 'https://www.ebi.ac.uk/metagenomics/api/v1/genomes/MGYG-HGUT-04631'}
14,https://www.ebi.ac.uk/metagenomics/api/v1/genomes?page=1,https://www.ebi.ac.uk/metagenomics/api/v1/genomes?page=186,https://www.ebi.ac.uk/metagenomics/api/v1/genomes?page=2,,1,186,4644,genomes,MGYG-HGUT-04630,"{'genome-id': 3292, 'geographic-origin': 'Europe', 'geographic-range': ['Europe'], 'accession': 'MGYG-HGUT-04630', 'ena-genome-accession': None, 'ena-sample-accession': 'ERS436819', 'ena-study-accession': 'ERP005534', 'ncbi-genome-accession': None, 'ncbi-sample-accession': None, 'ncbi-study-accession': None, 'img-genome-accession': None, 'patric-genome-accession': None, 'length': 3004054, 'num-contigs': 116, 'n-50': 45281, 'gc-content': 54.83, 'type': 'MAG', 'completeness': 99.37, 'contamination': 1.16, 'rna-5s': 0.0, 'rna-16s': 0.0, 'rna-23s': 14.26, 'trnas': 19.0, 'nc-rnas': 73, 'num-proteins': 2720, 'eggnog-coverage': 92.54, 'ipr-coverage': 89.34, 'taxon-lineage': 'd__Bacteria;p__Firmicutes_A;c__Clostridia;o__Lachnospirales;f__Lachnospiraceae;g__GCA-900066575;s__', 'cmseq': 0.18, 'taxincons': 0.0, 'num-genomes-total': 2, 'num-genomes-non-redundant': 2, 'pangenome-size': 3137, 'pangenome-core-size': 2018, 'pangenome-accessory-size': 1119, 'pangenome-eggnog-coverage': 90.28, 'pangenome-ipr-coverage': 88.46, 'last-update': '2020-07-16T15:26:48.224585', 'first-created': '2019-09-17T13:37:45.473560'}","{'kegg-modules-matches': {'links': {'related': 'https://www.ebi.ac.uk/metagenomics/api/v1/genomes/MGYG-HGUT-04630/kegg-module'}}, 'cog-matches': {'links': {'related': 'https://www.ebi.ac.uk/metagenomics/api/v1/genomes/MGYG-HGUT-04630/cogs'}}, 'antismash-geneclusters': {'links': {'related': 'https://www.ebi.ac.uk/metagenomics/api/v1/genomes/MGYG-HGUT-04630/antismash-genecluster'}}, 'biome': {'data': {'type': 'biomes', 'id': 'root:Host-associated:Human:Digestive system:Large intestine'}, 'links': {'related': 'https://www.ebi.ac.uk/metagenomics/api/v1/biomes/root:Host-associated:Human:Digestive%20system:Large%20intestine'}}, 'kegg-class-matches': {'links': {'related': 'https://www.ebi.ac.uk/metagenomics/api/v1/genomes/MGYG-HGUT-04630/kegg-class'}}, 'releases': {'data': [], 'meta': {'count': 0}}, 'downloads': {'links': {'related': 'https://www.ebi.ac.uk/metagenomics/api/v1/genomes/MGYG-HGUT-04630/downloads'}}}",{'self': 'https://www.ebi.ac.uk/metagenomics/api/v1/genomes/MGYG-HGUT-04630'}
15,https://www.ebi.ac.uk/metagenomics/api/v1/genomes?page=1,https://www.ebi.ac.uk/metagenomics/api/v1/genomes?page=186,https://www.ebi.ac.uk/metagenomics/api/v1/genomes?page=2,,1,186,4644,genomes,MGYG-HGUT-04629,"{'genome-id': 2723, 'geographic-origin': 'Europe', 'geographic-range': ['Europe', 'Asia'], 'accession': 'MGYG-HGUT-04629', 'ena-genome-accession': None, 'ena-sample-accession': 'ERS436835', 'ena-study-accession': 'ERP005534', 'ncbi-genome-accession': None, 'ncbi-sample-accession': None, 'ncbi-study-accession': None, 'img-genome-accession': None, 'patric-genome-accession': None, 'length': 2382499, 'num-contigs': 68, 'n-50': 56242, 'gc-content': 43.5, 'type': 'MAG', 'completeness': 98.99, 'contamination': 0.0, 'rna-5s': 0.0, 'rna-16s': 0.0, 'rna-23s': 0.0, 'trnas': 18.0, 'nc-rnas': 56, 'num-proteins': 1994, 'eggnog-coverage': 84.65, 'ipr-coverage': 80.79, 'taxon-lineage': 'd__Bacteria;p__Bacteroidota;c__Bacteroidia;o__Bacteroidales;f__Bacteroidaceae;g__Prevotella;s__Prevotella intermedia', 'cmseq': 0.12, 'taxincons': 0.0, 'num-genomes-total': 18, 'num-genomes-non-redundant': 15, 'pangenome-size': 4048, 'pangenome-core-size': 497, 'pangenome-accessory-size': 3551, 'pangenome-eggnog-coverage': 70.78, 'pangenome-ipr-coverage': 65.51, 'last-update': '2020-07-16T14:59:06.566921', 'first-created': '2019-09-17T13:05:07.509524'}","{'kegg-modules-matches': {'links': {'related': 'https://www.ebi.ac.uk/metagenomics/api/v1/genomes/MGYG-HGUT-04629/kegg-module'}}, 'cog-matches': {'links': {'related': 'https://www.ebi.ac.uk/metagenomics/api/v1/genomes/MGYG-HGUT-04629/cogs'}}, 'antismash-geneclusters': {'links': {'related': 'https://www.ebi.ac.uk/metagenomics/api/v1/genomes/MGYG-HGUT-04629/antismash-genecluster'}}, 'biome': {'data': {'type': 'biomes', 'id': 'root:Host-associated:Human:Digestive system:Large intestine'}, 'links': {'related': 'https://www.ebi.ac.uk/metagenomics/api/v1/biomes/root:Host-associated:Human:Digestive%20system:Large%20intestine'}}, 'kegg-class-matches': {'links': {'related': 'https://www.ebi.ac.uk/metagenomics/api/v1/genomes/MGYG-HGUT-04629/kegg-class'}}, 'releases': {'data': [], 'meta': {'count': 0}}, 'downloads': {'links': {'related': 'https://www.ebi.ac.uk/metagenomics/api/v1/genomes/MGYG-HGUT-04629/downloads'}}}",{'self': 'https://www.ebi.ac.uk/metagenomics/api/v1/genomes/MGYG-HGUT-04629'}
16,https://www.ebi.ac.uk/metagenomics/api/v1/genomes?page=1,https://www.ebi.ac.uk/metagenomics/api/v1/genomes?page=186,https://www.ebi.ac.uk/metagenomics/api/v1/genomes?page=2,,1,186,4644,genomes,MGYG-HGUT-04628,"{'genome-id': 2600, 'geographic-origin': 'Europe', 'geographic-range': ['Europe'], 'accession': 'MGYG-HGUT-04628', 'ena-genome-accession': None, 'ena-sample-accession': 'ERS436823', 'ena-study-accession': 'ERP005534', 'ncbi-genome-accession': None, 'ncbi-sample-accession': None, 'ncbi-study-accession': None, 'img-genome-accession': None, 'patric-genome-accession': None, 'length': 2940804, 'num-contigs': 164, 'n-50': 34995, 'gc-content': 59.01, 'type': 'MAG', 'completeness': 92.88, 'contamination': 3.58, 'rna-5s': 0.0, 'rna-16s': 0.0, 'rna-23s': 0.0, 'trnas': 15.0, 'nc-rnas': 75, 'num-proteins': 2709, 'eggnog-coverage': 93.36, 'ipr-coverage': 88.82, 'taxon-lineage': 'd__Bacteria;p__Firmicutes_A;c__Clostridia;o__Oscillospirales;f__Oscillospiraceae;g__Lawsonibacter;s__', 'cmseq': 1.0, 'taxincons': 0.0, 'num-genomes-total': 2, 'num-genomes-non-redundant': 2, 'pangenome-size': 3289, 'pangenome-core-size': 1966, 'pangenome-accessory-size': 1323, 'pangenome-eggnog-coverage': 91.18, 'pangenome-ipr-coverage': 86.07, 'last-update': '2020-07-16T14:53:27.463117', 'first-created': '2019-09-17T12:57:37.956303'}","{'kegg-modules-matches': {'links': {'related': 'https://www.ebi.ac.uk/metagenomics/api/v1/genomes/MGYG-HGUT-04628/kegg-module'}}, 'cog-matches': {'links': {'related': 'https://www.ebi.ac.uk/metagenomics/api/v1/genomes/MGYG-HGUT-04628/cogs'}}, 'antismash-geneclusters': {'links': {'related': 'https://www.ebi.ac.uk/metagenomics/api/v1/genomes/MGYG-HGUT-04628/antismash-genecluster'}}, 'biome': {'data': {'type': 'biomes', 'id': 'root:Host-associated:Human:Digestive system:Large intestine'}, 'links': {'related': 'https://www.ebi.ac.uk/metagenomics/api/v1/biomes/root:Host-associated:Human:Digestive%20system:Large%20intestine'}}, 'kegg-class-matches': {'links': {'related': 'https://www.ebi.ac.uk/metagenomics/api/v1/genomes/MGYG-HGUT-04628/kegg-class'}}, 'releases': {'data': [], 'meta': {'count': 0}}, 'downloads': {'links': {'related': 'https://www.ebi.ac.uk/metagenomics/api/v1/genomes/MGYG-HGUT-04628/downloads'}}}",{'self': 'https://www.ebi.ac.uk/metagenomics/api/v1/genomes/MGYG-HGUT-04628'}
17,https://www.ebi.ac.uk/metagenomics/api/v1/genomes?page=1,https://www.ebi.ac.uk/metagenomics/api/v1/genomes?page=186,https://www.ebi.ac.uk/metagenomics/api/v1/genomes?page=2,,1,186,4644,genomes,MGYG-HGUT-04627,"{'genome-id': 2588, 'geographic-origin': 'Europe', 'geographic-range': ['North America', 'Europe'], 'accession': 'MGYG-HGUT-04627', 'ena-genome-accession': None, 'ena-sample-accession': 'ERS436823', 'ena-study-accession': 'ERP005534', 'ncbi-genome-accession': None, 'ncbi-sample-accession': None, 'ncbi-study-accession': None, 'img-genome-accession': None, 'patric-genome-accession': None, 'length': 2663266, 'num-contigs': 37, 'n-50': 113585, 'gc-content': 42.2, 'type': 'MAG', 'completeness': 99.65, 'contamination': 0.0, 'rna-5s': 0.0, 'rna-16s': 0.0, 'rna-23s': 0.0, 'trnas': 19.0, 'nc-rnas': 55, 'num-proteins': 2322, 'eggnog-coverage': 85.36, 'ipr-coverage': 80.02, 'taxon-lineage': 'd__Bacteria;p__Bacteroidota;c__Bacteroidia;o__Bacteroidales;f__Bacteroidaceae;g__Prevotella;s__Prevotella nigrescens', 'cmseq': 0.06, 'taxincons': 0.0, 'num-genomes-total': 3, 'num-genomes-non-redundant': 3, 'pangenome-size': 2735, 'pangenome-core-size': 1350, 'pangenome-accessory-size': 1385, 'pangenome-eggnog-coverage': 83.36, 'pangenome-ipr-coverage': 77.22, 'last-update': '2020-07-16T14:52:53.110062', 'first-created': '2019-09-17T12:56:47.059569'}","{'kegg-modules-matches': {'links': {'related': 'https://www.ebi.ac.uk/metagenomics/api/v1/genomes/MGYG-HGUT-04627/kegg-module'}}, 'cog-matches': {'links': {'related': 'https://www.ebi.ac.uk/metagenomics/api/v1/genomes/MGYG-HGUT-04627/cogs'}}, 'antismash-geneclusters': {'links': {'related': 'https://www.ebi.ac.uk/metagenomics/api/v1/genomes/MGYG-HGUT-04627/antismash-genecluster'}}, 'biome': {'data': {'type': 'biomes', 'id': 'root:Host-associated:Human:Digestive system:Large intestine'}, 'links': {'related': 'https://www.ebi.ac.uk/metagenomics/api/v1/biomes/root:Host-associated:Human:Digestive%20system:Large%20intestine'}}, 'kegg-class-matches': {'links': {'related': 'https://www.ebi.ac.uk/metagenomics/api/v1/genomes/MGYG-HGUT-04627/kegg-class'}}, 'releases': {'data': [], 'meta': {'count': 0}}, 'downloads': {'links': {'related': 'https://www.ebi.ac.uk/metagenomics/api/v1/genomes/MGYG-HGUT-04627/downloads'}}}",{'self': 'https://www.ebi.ac.uk/metagenomics/api/v1/genomes/MGYG-HGUT-04627'}
18,https://www.ebi.ac.uk/metagenomics/api/v1/genomes?page=1,https://www.ebi.ac.uk/metagenomics/api/v1/genomes?page=186,https://www.ebi.ac.uk/metagenomics/api/v1/genomes?page=2,,1,186,4644,genomes,MGYG-HGUT-04626,"{'genome-id': 2938, 'geographic-origin': 'Europe', 'geographic-range': ['North America', 'Europe'], 'accession': 'MGYG-HGUT-04626', 'ena-genome-accession': None, 'ena-sample-accession': 'ERS436823', 'ena-study-accession': 'ERP005534', 'ncbi-genome-accession': None, 'ncbi-sample-accession': None, 'ncbi-study-accession': None, 'img-genome-accession': None, 'patric-genome-accession': None, 'length': 1754327, 'num-contigs': 21, 'n-50': 115806, 'gc-content': 48.13, 'type': 'MAG', 'completeness': 97.4, 'contamination': 1.25, 'rna-5s': 0.0, 'rna-16s': 0.0, 'rna-23s': 0.0, 'trnas': 19.0, 'nc-rnas': 56, 'num-proteins': 1595, 'eggnog-coverage': 92.6, 'ipr-coverage': 92.79, 'taxon-lineage': 'd__Bacteria;p__Proteobacteria;c__Gammaproteobacteria;o__Burkholderiales;f__Burkholderiaceae;g__CAG-521;s__', 'cmseq': 0.01, 'taxincons': 0.0, 'num-genomes-total': 2, 'num-genomes-non-redundant': 2, 'pangenome-size': 1721, 'pangenome-core-size': 1216, 'pangenome-accessory-size': 505, 'pangenome-eggnog-coverage': 90.41, 'pangenome-ipr-coverage': 90.99, 'last-update': '2020-07-16T15:09:24.587610', 'first-created': '2019-09-17T13:17:25.425672'}","{'kegg-modules-matches': {'links': {'related': 'https://www.ebi.ac.uk/metagenomics/api/v1/genomes/MGYG-HGUT-04626/kegg-module'}}, 'cog-matches': {'links': {'related': 'https://www.ebi.ac.uk/metagenomics/api/v1/genomes/MGYG-HGUT-04626/cogs'}}, 'antismash-geneclusters': {'links': {'related': 'https://www.ebi.ac.uk/metagenomics/api/v1/genomes/MGYG-HGUT-04626/antismash-genecluster'}}, 'biome': {'data': {'type': 'biomes', 'id': 'root:Host-associated:Human:Digestive system:Large intestine'}, 'links': {'related': 'https://www.ebi.ac.uk/metagenomics/api/v1/biomes/root:Host-associated:Human:Digestive%20system:Large%20intestine'}}, 'kegg-class-matches': {'links': {'related': 'https://www.ebi.ac.uk/metagenomics/api/v1/genomes/MGYG-HGUT-04626/kegg-class'}}, 'releases': {'data': [], 'meta': {'count': 0}}, 'downloads': {'links': {'related': 'https://www.ebi.ac.uk/metagenomics/api/v1/genomes/MGYG-HGUT-04626/downloads'}}}",{'self': 'https://www.ebi.ac.uk/metagenomics/api/v1/genomes/MGYG-HGUT-04626'}
19,https://www.ebi.ac.uk/metagenomics/api/v1/genomes?page=1,https://www.ebi.ac.uk/metagenomics/api/v1/genomes?page=186,https://www.ebi.ac.uk/metagenomics/api/v1/genomes?page=2,,1,186,4644,genomes,MGYG-HGUT-04625,"{'genome-id': 1803, 'geographic-origin': 'Europe', 'geographic-range': [], 'accession': 'MGYG-HGUT-04625', 'ena-genome-accession': None, 'ena-sample-accession': 'ERS436737', 'ena-study-accession': 'ERP005534', 'ncbi-genome-accession': None, 'ncbi-sample-accession': None, 'ncbi-study-accession': None, 'img-genome-accession': None, 'patric-genome-accession': None, 'length': 2157144, 'num-contigs': 29, 'n-50': 96520, 'gc-content': 59.92, 'type': 'MAG', 'completeness': 100.0, 'contamination': 0.81, 'rna-5s': 0.0, 'rna-16s': 0.0, 'rna-23s': 0.0, 'trnas': 20.0, 'nc-rnas': 68, 'num-proteins': 1818, 'eggnog-coverage': 94.94, 'ipr-coverage': 93.23, 'taxon-lineage': 'd__Bacteria;p__Actinobacteriota;c__Coriobacteriia;o__Coriobacteriales;f__Coriobacteriaceae;g__Collinsella;s__', 'cmseq': 0.02, 'taxincons': 0.0, 'num-genomes-total': None, 'num-genomes-non-redundant': None, 'pangenome-size': None, 'pangenome-core-size': None, 'pangenome-accessory-size': None, 'pangenome-eggnog-coverage': None, 'pangenome-ipr-coverage': None, 'last-update': '2020-07-16T14:15:29.768252', 'first-created': '2019-09-17T12:12:12.268515'}","{'kegg-modules-matches': {'links': {'related': 'https://www.ebi.ac.uk/metagenomics/api/v1/genomes/MGYG-HGUT-04625/kegg-module'}}, 'cog-matches': {'links': {'related': 'https://www.ebi.ac.uk/metagenomics/api/v1/genomes/MGYG-HGUT-04625/cogs'}}, 'antismash-geneclusters': {'links': {'related': 'https://www.ebi.ac.uk/metagenomics/api/v1/genomes/MGYG-HGUT-04625/antismash-genecluster'}}, 'biome': {'data': {'type': 'biomes', 'id': 'root:Host-associated:Human:Digestive system:Large intestine'}, 'links': {'related': 'https://www.ebi.ac.uk/metagenomics/api/v1/biomes/root:Host-associated:Human:Digestive%20system:Large%20intestine'}}, 'kegg-class-matches': {'links': {'related': 'https://www.ebi.ac.uk/metagenomics/api/v1/genomes/MGYG-HGUT-04625/kegg-class'}}, 'releases': {'data': [], 'meta': {'count': 0}}, 'downloads': {'links': {'related': 'https://www.ebi.ac.uk/metagenomics/api/v1/genomes/MGYG-HGUT-04625/downloads'}}}",{'self': 'https://www.ebi.ac.uk/metagenomics/api/v1/genomes/MGYG-HGUT-04625'}
20,https://www.ebi.ac.uk/metagenomics/api/v1/genomes?page=1,https://www.ebi.ac.uk/metagenomics/api/v1/genomes?page=186,https://www.ebi.ac.uk/metagenomics/api/v1/genomes?page=2,,1,186,4644,genomes,MGYG-HGUT-04624,"{'genome-id': 3050, 'geographic-origin': 'Europe', 'geographic-range': [], 'accession': 'MGYG-HGUT-04624', 'ena-genome-accession': None, 'ena-sample-accession': 'ERS436682', 'ena-study-accession': 'ERP005534', 'ncbi-genome-accession': None, 'ncbi-sample-accession': None, 'ncbi-study-accession': None, 'img-genome-accession': None, 'patric-genome-accession': None, 'length': 1785578, 'num-contigs': 390, 'n-50': 5586, 'gc-content': 53.64, 'type': 'MAG', 'completeness': 68.79, 'contamination': 1.36, 'rna-5s': 0.0, 'rna-16s': 0.0, 'rna-23s': 0.0, 'trnas': 12.0, 'nc-rnas': 35, 'num-proteins': 1750, 'eggnog-coverage': 73.89, 'ipr-coverage': 79.54, 'taxon-lineage': 'd__Bacteria;p__Firmicutes_A;c__Clostridia;o__Oscillospirales;f__CAG-272;g__CAG-390;s__', 'cmseq': 0.3, 'taxincons': 0.0, 'num-genomes-total': None, 'num-genomes-non-redundant': None, 'pangenome-size': None, 'pangenome-core-size': None, 'pangenome-accessory-size': None, 'pangenome-eggnog-coverage': None, 'pangenome-ipr-coverage': None, 'last-update': '2020-07-16T15:14:54.338003', 'first-created': '2019-09-17T13:23:42.835135'}","{'kegg-modules-matches': {'links': {'related': 'https://www.ebi.ac.uk/metagenomics/api/v1/genomes/MGYG-HGUT-04624/kegg-module'}}, 'cog-matches': {'links': {'related': 'https://www.ebi.ac.uk/metagenomics/api/v1/genomes/MGYG-HGUT-04624/cogs'}}, 'antismash-geneclusters': {'links': {'related': 'https://www.ebi.ac.uk/metagenomics/api/v1/genomes/MGYG-HGUT-04624/antismash-genecluster'}}, 'biome': {'data': {'type': 'biomes', 'id': 'root:Host-associated:Human:Digestive system:Large intestine'}, 'links': {'related': 'https://www.ebi.ac.uk/metagenomics/api/v1/biomes/root:Host-associated:Human:Digestive%20system:Large%20intestine'}}, 'kegg-class-matches': {'links': {'related': 'https://www.ebi.ac.uk/metagenomics/api/v1/genomes/MGYG-HGUT-04624/kegg-class'}}, 'releases': {'data': [], 'meta': {'count': 0}}, 'downloads': {'links': {'related': 'https://www.ebi.ac.uk/metagenomics/api/v1/genomes/MGYG-HGUT-04624/downloads'}}}",{'self': 'https://www.ebi.ac.uk/metagenomics/api/v1/genomes/MGYG-HGUT-04624'}
21,https://www.ebi.ac.uk/metagenomics/api/v1/genomes?page=1,https://www.ebi.ac.uk/metagenomics/api/v1/genomes?page=186,https://www.ebi.ac.uk/metagenomics/api/v1/genomes?page=2,,1,186,4644,genomes,MGYG-HGUT-04623,"{'genome-id': 2057, 'geographic-origin': 'Europe', 'geographic-range': ['North America', 'Europe'], 'accession': 'MGYG-HGUT-04623', 'ena-genome-accession': None, 'ena-sample-accession': 'ERS436702', 'ena-study-accession': 'ERP005534', 'ncbi-genome-accession': None, 'ncbi-sample-accession': None, 'ncbi-study-accession': None, 'img-genome-accession': None, 'patric-genome-accession': None, 'length': 3060889, 'num-contigs': 376, 'n-50': 11656, 'gc-content': 43.24, 'type': 'MAG', 'completeness': 97.07, 'contamination': 0.21, 'rna-5s': 0.0, 'rna-16s': 0.0, 'rna-23s': 0.0, 'trnas': 18.0, 'nc-rnas': 82, 'num-proteins': 2836, 'eggnog-coverage': 93.69, 'ipr-coverage': 87.73, 'taxon-lineage': 'd__Bacteria;p__Firmicutes_A;c__Clostridia;o__Lachnospirales;f__Lachnospiraceae;g__Blautia_A;s__', 'cmseq': 0.11, 'taxincons': 0.0, 'num-genomes-total': 2, 'num-genomes-non-redundant': 2, 'pangenome-size': 3274, 'pangenome-core-size': 1691, 'pangenome-accessory-size': 1583, 'pangenome-eggnog-coverage': 92.15, 'pangenome-ipr-coverage': 86.07, 'last-update': '2020-07-16T14:28:33.745186', 'first-created': '2019-09-17T12:26:48.144372'}","{'kegg-modules-matches': {'links': {'related': 'https://www.ebi.ac.uk/metagenomics/api/v1/genomes/MGYG-HGUT-04623/kegg-module'}}, 'cog-matches': {'links': {'related': 'https://www.ebi.ac.uk/metagenomics/api/v1/genomes/MGYG-HGUT-04623/cogs'}}, 'antismash-geneclusters': {'links': {'related': 'https://www.ebi.ac.uk/metagenomics/api/v1/genomes/MGYG-HGUT-04623/antismash-genecluster'}}, 'biome': {'data': {'type': 'biomes', 'id': 'root:Host-associated:Human:Digestive system:Large intestine'}, 'links': {'related': 'https://www.ebi.ac.uk/metagenomics/api/v1/biomes/root:Host-associated:Human:Digestive%20system:Large%20intestine'}}, 'kegg-class-matches': {'links': {'related': 'https://www.ebi.ac.uk/metagenomics/api/v1/genomes/MGYG-HGUT-04623/kegg-class'}}, 'releases': {'data': [], 'meta': {'count': 0}}, 'downloads': {'links': {'related': 'https://www.ebi.ac.uk/metagenomics/api/v1/genomes/MGYG-HGUT-04623/downloads'}}}",{'self': 'https://www.ebi.ac.uk/metagenomics/api/v1/genomes/MGYG-HGUT-04623'}
22,https://www.ebi.ac.uk/metagenomics/api/v1/genomes?page=1,https://www.ebi.ac.uk/metagenomics/api/v1/genomes?page=186,https://www.ebi.ac.uk/metagenomics/api/v1/genomes?page=2,,1,186,4644,genomes,MGYG-HGUT-04622,"{'genome-id': 690, 'geographic-origin': 'Europe', 'geographic-range': [], 'accession': 'MGYG-HGUT-04622', 'ena-genome-accession': None, 'ena-sample-accession': 'ERS436786', 'ena-study-accession': 'ERP005534', 'ncbi-genome-accession': None, 'ncbi-sample-accession': None, 'ncbi-study-accession': None, 'img-genome-accession': None, 'patric-genome-accession': None, 'length': 2570641, 'num-contigs': 113, 'n-50': 39654, 'gc-content': 49.94, 'type': 'MAG', 'completeness': 95.96, 'contamination': 0.76, 'rna-5s': 0.0, 'rna-16s': 0.0, 'rna-23s': 0.0, 'trnas': 16.0, 'nc-rnas': 48, 'num-proteins': 1959, 'eggnog-coverage': 90.3, 'ipr-coverage': 88.77, 'taxon-lineage': 'd__Bacteria;p__Bacteroidota;c__Bacteroidia;o__Bacteroidales;f__Bacteroidaceae;g__Prevotella;s__Prevotella sp900316565', 'cmseq': 0.24, 'taxincons': 0.0, 'num-genomes-total': None, 'num-genomes-non-redundant': None, 'pangenome-size': None, 'pangenome-core-size': None, 'pangenome-accessory-size': None, 'pangenome-eggnog-coverage': None, 'pangenome-ipr-coverage': None, 'last-update': '2020-07-16T13:22:00.275608', 'first-created': '2019-09-17T10:58:14.651927'}","{'kegg-modules-matches': {'links': {'related': 'https://www.ebi.ac.uk/metagenomics/api/v1/genomes/MGYG-HGUT-04622/kegg-module'}}, 'cog-matches': {'links': {'related': 'https://www.ebi.ac.uk/metagenomics/api/v1/genomes/MGYG-HGUT-04622/cogs'}}, 'antismash-geneclusters': {'links': {'related': 'https://www.ebi.ac.uk/metagenomics/api/v1/genomes/MGYG-HGUT-04622/antismash-genecluster'}}, 'biome': {'data': {'type': 'biomes', 'id': 'root:Host-associated:Human:Digestive system:Large intestine'}, 'links': {'related': 'https://www.ebi.ac.uk/metagenomics/api/v1/biomes/root:Host-associated:Human:Digestive%20system:Large%20intestine'}}, 'kegg-class-matches': {'links': {'related': 'https://www.ebi.ac.uk/metagenomics/api/v1/genomes/MGYG-HGUT-04622/kegg-class'}}, 'releases': {'data': [], 'meta': {'count': 0}}, 'downloads': {'links': {'related': 'https://www.ebi.ac.uk/metagenomics/api/v1/genomes/MGYG-HGUT-04622/downloads'}}}",{'self': 'https://www.ebi.ac.uk/metagenomics/api/v1/genomes/MGYG-HGUT-04622'}
23,https://www.ebi.ac.uk/metagenomics/api/v1/genomes?page=1,https://www.ebi.ac.uk/metagenomics/api/v1/genomes?page=186,https://www.ebi.ac.uk/metagenomics/api/v1/genomes?page=2,,1,186,4644,genomes,MGYG-HGUT-04621,"{'genome-id': 1715, 'geographic-origin': 'Europe', 'geographic-range': [], 'accession': 'MGYG-HGUT-04621', 'ena-genome-accession': None, 'ena-sample-accession': 'ERS436786', 'ena-study-accession': 'ERP005534', 'ncbi-genome-accession': None, 'ncbi-sample-accession': None, 'ncbi-study-accession': None, 'img-genome-accession': None, 'patric-genome-accession': None, 'length': 2838817, 'num-contigs': 193, 'n-50': 24304, 'gc-content': 55.37, 'type': 'MAG', 'completeness': 92.6, 'contamination': 3.32, 'rna-5s': 0.0, 'rna-16s': 0.0, 'rna-23s': 0.0, 'trnas': 14.0, 'nc-rnas': 41, 'num-proteins': 2177, 'eggnog-coverage': 92.74, 'ipr-coverage': 90.95, 'taxon-lineage': 'd__Bacteria;p__Bacteroidota;c__Bacteroidia;o__Bacteroidales;f__Bacteroidaceae;g__Prevotella;s__', 'cmseq': 0.62, 'taxincons': 0.0, 'num-genomes-total': None, 'num-genomes-non-redundant': None, 'pangenome-size': None, 'pangenome-core-size': None, 'pangenome-accessory-size': None, 'pangenome-eggnog-coverage': None, 'pangenome-ipr-coverage': None, 'last-update': '2020-07-16T14:11:02.964446', 'first-created': '2019-09-17T12:07:24.274175'}","{'kegg-modules-matches': {'links': {'related': 'https://www.ebi.ac.uk/metagenomics/api/v1/genomes/MGYG-HGUT-04621/kegg-module'}}, 'cog-matches': {'links': {'related': 'https://www.ebi.ac.uk/metagenomics/api/v1/genomes/MGYG-HGUT-04621/cogs'}}, 'antismash-geneclusters': {'links': {'related': 'https://www.ebi.ac.uk/metagenomics/api/v1/genomes/MGYG-HGUT-04621/antismash-genecluster'}}, 'biome': {'data': {'type': 'biomes', 'id': 'root:Host-associated:Human:Digestive system:Large intestine'}, 'links': {'related': 'https://www.ebi.ac.uk/metagenomics/api/v1/biomes/root:Host-associated:Human:Digestive%20system:Large%20intestine'}}, 'kegg-class-matches': {'links': {'related': 'https://www.ebi.ac.uk/metagenomics/api/v1/genomes/MGYG-HGUT-04621/kegg-class'}}, 'releases': {'data': [], 'meta': {'count': 0}}, 'downloads': {'links': {'related': 'https://www.ebi.ac.uk/metagenomics/api/v1/genomes/MGYG-HGUT-04621/downloads'}}}",{'self': 'https://www.ebi.ac.uk/metagenomics/api/v1/genomes/MGYG-HGUT-04621'}
24,https://www.ebi.ac.uk/metagenomics/api/v1/genomes?page=1,https://www.ebi.ac.uk/metagenomics/api/v1/genomes?page=186,https://www.ebi.ac.uk/metagenomics/api/v1/genomes?page=2,,1,186,4644,genomes,MGYG-HGUT-04620,"{'genome-id': 1213, 'geographic-origin': 'Europe', 'geographic-range': [], 'accession': 'MGYG-HGUT-04620', 'ena-genome-accession': None, 'ena-sample-accession': 'ERS436786', 'ena-study-accession': 'ERP005534', 'ncbi-genome-accession': None, 'ncbi-sample-accession': None, 'ncbi-study-accession': None, 'img-genome-accession': None, 'patric-genome-accession': None, 'length': 937993, 'num-contigs': 153, 'n-50': 7975, 'gc-content': 27.44, 'type': 'MAG', 'completeness': 64.22, 'contamination': 2.67, 'rna-5s': 0.0, 'rna-16s': 0.0, 'rna-23s': 0.0, 'trnas': 11.0, 'nc-rnas': 22, 'num-proteins': 908, 'eggnog-coverage': 63.33, 'ipr-coverage': 77.53, 'taxon-lineage': 'd__Bacteria;p__Firmicutes;c__Bacilli;o__RF39;f__CAG-1000;g__CAG-605;s__', 'cmseq': 0.43, 'taxincons': 0.0, 'num-genomes-total': None, 'num-genomes-non-redundant': None, 'pangenome-size': None, 'pangenome-core-size': None, 'pangenome-accessory-size': None, 'pangenome-eggnog-coverage': None, 'pangenome-ipr-coverage': None, 'last-update': '2020-07-16T13:46:00.023690', 'first-created': '2019-09-17T11:37:55.140733'}","{'kegg-modules-matches': {'links': {'related': 'https://www.ebi.ac.uk/metagenomics/api/v1/genomes/MGYG-HGUT-04620/kegg-module'}}, 'cog-matches': {'links': {'related': 'https://www.ebi.ac.uk/metagenomics/api/v1/genomes/MGYG-HGUT-04620/cogs'}}, 'antismash-geneclusters': {'links': {'related': 'https://www.ebi.ac.uk/metagenomics/api/v1/genomes/MGYG-HGUT-04620/antismash-genecluster'}}, 'biome': {'data': {'type': 'biomes', 'id': 'root:Host-associated:Human:Digestive system:Large intestine'}, 'links': {'related': 'https://www.ebi.ac.uk/metagenomics/api/v1/biomes/root:Host-associated:Human:Digestive%20system:Large%20intestine'}}, 'kegg-class-matches': {'links': {'related': 'https://www.ebi.ac.uk/metagenomics/api/v1/genomes/MGYG-HGUT-04620/kegg-class'}}, 'releases': {'data': [], 'meta': {'count': 0}}, 'downloads': {'links': {'related': 'https://www.ebi.ac.uk/metagenomics/api/v1/genomes/MGYG-HGUT-04620/downloads'}}}",{'self': 'https://www.ebi.ac.uk/metagenomics/api/v1/genomes/MGYG-HGUT-04620'}
