links_first,https://www.ebi.ac.uk/metagenomics/api/v1/genomes?page=1
links_last,https://www.ebi.ac.uk/metagenomics/api/v1/genomes?page=186
links_next,https://www.ebi.ac.uk/metagenomics/api/v1/genomes?page=2
links_prev,
data_0_type,genomes
data_0_id,MGYG-HGUT-04644
data_0_attributes_genome-id,3094
data_0_attributes_geographic-origin,Europe
data_0_attributes_geographic-range_0,North America
data_0_attributes_geographic-range_1,Europe
data_0_attributes_geographic-range_2,Asia
data_0_attributes_accession,MGYG-HGUT-04644
data_0_attributes_ena-genome-accession,
data_0_attributes_ena-sample-accession,ERS436840
data_0_attributes_ena-study-accession,ERP005534
data_0_attributes_ncbi-genome-accession,
data_0_attributes_ncbi-sample-accession,
data_0_attributes_ncbi-study-accession,
data_0_attributes_img-genome-accession,
data_0_attributes_patric-genome-accession,
data_0_attributes_length,2240162
data_0_attributes_num-contigs,237
data_0_attributes_n-50,14090
data_0_attributes_gc-content,57.36
data_0_attributes_type,MAG
data_0_attributes_completeness,93.96
data_0_attributes_contamination,0.67
data_0_attributes_rna-5s,92.44
data_0_attributes_rna-16s,0.0
data_0_attributes_rna-23s,0.0
data_0_attributes_trnas,15.0
data_0_attributes_nc-rnas,53
data_0_attributes_num-proteins,2052
data_0_attributes_eggnog-coverage,83.38
data_0_attributes_ipr-coverage,83.14
data_0_attributes_taxon-lineage,d__Bacteria;p__Firmicutes_A;c__Clostridia;o__Oscillospirales;f__Ruminococcaceae;g__Negativibacillus;s__
data_0_attributes_cmseq,0.6
data_0_attributes_taxincons,0.0
data_0_attributes_num-genomes-total,64
data_0_attributes_num-genomes-non-redundant,52
data_0_attributes_pangenome-size,6881
data_0_attributes_pangenome-core-size,396
data_0_attributes_pangenome-accessory-size,6485
data_0_attributes_pangenome-eggnog-coverage,69.55
data_0_attributes_pangenome-ipr-coverage,70.75
data_0_attributes_last-update,2020-07-16T15:16:51.793714
data_0_attributes_first-created,2019-09-17T13:25:57.424898
data_0_relationships_kegg-modules-matches_links_related,https://www.ebi.ac.uk/metagenomics/api/v1/genomes/MGYG-HGUT-04644/kegg-module
data_0_relationships_cog-matches_links_related,https://www.ebi.ac.uk/metagenomics/api/v1/genomes/MGYG-HGUT-04644/cogs
data_0_relationships_antismash-geneclusters_links_related,https://www.ebi.ac.uk/metagenomics/api/v1/genomes/MGYG-HGUT-04644/antismash-genecluster
data_0_relationships_biome_data_type,biomes
data_0_relationships_biome_data_id,root:Host-associated:Human:Digestive system:Large intestine
data_0_relationships_biome_links_related,https://www.ebi.ac.uk/metagenomics/api/v1/biomes/root:Host-associated:Human:Digestive%20system:Large%20intestine
data_0_relationships_kegg-class-matches_links_related,https://www.ebi.ac.uk/metagenomics/api/v1/genomes/MGYG-HGUT-04644/kegg-class
data_0_relationships_releases_meta_count,0
data_0_relationships_downloads_links_related,https://www.ebi.ac.uk/metagenomics/api/v1/genomes/MGYG-HGUT-04644/downloads
data_0_links_self,https://www.ebi.ac.uk/metagenomics/api/v1/genomes/MGYG-HGUT-04644
data_1_type,genomes
data_1_id,MGYG-HGUT-04643
data_1_attributes_genome-id,1136
data_1_attributes_geographic-origin,Europe
data_1_attributes_geographic-range_0,Africa
data_1_attributes_geographic-range_1,Asia
data_1_attributes_geographic-range_2,Europe
data_1_attributes_geographic-range_3,North America
data_1_attributes_geographic-range_4,Oceania
data_1_attributes_geographic-range_5,South America
data_1_attributes_accession,MGYG-HGUT-04643
data_1_attributes_ena-genome-accession,
data_1_attributes_ena-sample-accession,ERS436826
data_1_attributes_ena-study-accession,ERP005534
data_1_attributes_ncbi-genome-accession,
data_1_attributes_ncbi-sample-accession,
data_1_attributes_ncbi-study-accession,
data_1_attributes_img-genome-accession,
data_1_attributes_patric-genome-accession,
data_1_attributes_length,1975847
data_1_attributes_num-contigs,11
data_1_attributes_n-50,433108
data_1_attributes_gc-content,41.96
data_1_attributes_type,MAG
data_1_attributes_completeness,97.99
data_1_attributes_contamination,0.0
data_1_attributes_rna-5s,0.0
data_1_attributes_rna-16s,0.0
data_1_attributes_rna-23s,0.0
data_1_attributes_trnas,19.0
data_1_attributes_nc-rnas,58
data_1_attributes_num-proteins,1775
data_1_attributes_eggnog-coverage,78.99
data_1_attributes_ipr-coverage,82.03
data_1_attributes_taxon-lineage,d__Bacteria;p__Firmicutes_A;c__Clostridia;o__Oscillospirales;f__Acutalibacteraceae;g__Eubacterium_R;s__Eubacterium_R sp003526845
data_1_attributes_cmseq,0.05
data_1_attributes_taxincons,0.0
data_1_attributes_num-genomes-total,246
data_1_attributes_num-genomes-non-redundant,189
data_1_attributes_pangenome-size,10065
data_1_attributes_pangenome-core-size,617
data_1_attributes_pangenome-accessory-size,9448
data_1_attributes_pangenome-eggnog-coverage,72.66
data_1_attributes_pangenome-ipr-coverage,70.39
data_1_attributes_last-update,2020-07-16T13:42:17.278880
data_1_attributes_first-created,2019-09-17T11:31:10.681282
data_1_relationships_kegg-modules-matches_links_related,https://www.ebi.ac.uk/metagenomics/api/v1/genomes/MGYG-HGUT-04643/kegg-module
data_1_relationships_cog-matches_links_related,https://www.ebi.ac.uk/metagenomics/api/v1/genomes/MGYG-HGUT-04643/cogs
data_1_relationships_antismash-geneclusters_links_related,https://www.ebi.ac.uk/metagenomics/api/v1/genomes/MGYG-HGUT-04643/antismash-genecluster
data_1_relationships_biome_data_type,biomes
data_1_relationships_biome_data_id,root:Host-associated:Human:Digestive system:Large intestine
data_1_relationships_biome_links_related,https://www.ebi.ac.uk/metagenomics/api/v1/biomes/root:Host-associated:Human:Digestive%20system:Large%20intestine
data_1_relationships_kegg-class-matches_links_related,https://www.ebi.ac.uk/metagenomics/api/v1/genomes/MGYG-HGUT-04643/kegg-class
data_1_relationships_releases_meta_count,0
data_1_relationships_downloads_links_related,https://www.ebi.ac.uk/metagenomics/api/v1/genomes/MGYG-HGUT-04643/downloads
data_1_links_self,https://www.ebi.ac.uk/metagenomics/api/v1/genomes/MGYG-HGUT-04643
data_2_type,genomes
data_2_id,MGYG-HGUT-04642
data_2_attributes_genome-id,464
data_2_attributes_geographic-origin,Europe
data_2_attributes_geographic-range_0,North America
data_2_attributes_geographic-range_1,Europe
data_2_attributes_geographic-range_2,Asia
data_2_attributes_accession,MGYG-HGUT-04642
data_2_attributes_ena-genome-accession,
data_2_attributes_ena-sample-accession,ERS436800
data_2_attributes_ena-study-accession,ERP005534
data_2_attributes_ncbi-genome-accession,
data_2_attributes_ncbi-sample-accession,
data_2_attributes_ncbi-study-accession,
data_2_attributes_img-genome-accession,
data_2_attributes_patric-genome-accession,
data_2_attributes_length,2001820
data_2_attributes_num-contigs,23
data_2_attributes_n-50,153485
data_2_attributes_gc-content,38.81
data_2_attributes_type,MAG
data_2_attributes_completeness,93.29
data_2_attributes_contamination,0.0
data_2_attributes_rna-5s,0.0
data_2_attributes_rna-16s,13.57
data_2_attributes_rna-23s,61.26
data_2_attributes_trnas,19.0
data_2_attributes_nc-rnas,88
data_2_attributes_num-proteins,1940
data_2_attributes_eggnog-coverage,85.52
data_2_attributes_ipr-coverage,85.93
data_2_attributes_taxon-lineage,d__Bacteria;p__Firmicutes_A;c__Clostridia;o__Lachnospirales;f__;g__;s__
data_2_attributes_cmseq,0.05
data_2_attributes_taxincons,0.0
data_2_attributes_num-genomes-total,30
data_2_attributes_num-genomes-non-redundant,24
data_2_attributes_pangenome-size,3093
data_2_attributes_pangenome-core-size,283
data_2_attributes_pangenome-accessory-size,2810
data_2_attributes_pangenome-eggnog-coverage,76.2
data_2_attributes_pangenome-ipr-coverage,76.4
data_2_attributes_last-update,2020-07-16T13:10:52.314444
data_2_attributes_first-created,2019-09-17T10:41:02.152700
data_2_relationships_kegg-modules-matches_links_related,https://www.ebi.ac.uk/metagenomics/api/v1/genomes/MGYG-HGUT-04642/kegg-module
data_2_relationships_cog-matches_links_related,https://www.ebi.ac.uk/metagenomics/api/v1/genomes/MGYG-HGUT-04642/cogs
data_2_relationships_antismash-geneclusters_links_related,https://www.ebi.ac.uk/metagenomics/api/v1/genomes/MGYG-HGUT-04642/antismash-genecluster
data_2_relationships_biome_data_type,biomes
data_2_relationships_biome_data_id,root:Host-associated:Human:Digestive system:Large intestine
data_2_relationships_biome_links_related,https://www.ebi.ac.uk/metagenomics/api/v1/biomes/root:Host-associated:Human:Digestive%20system:Large%20intestine
data_2_relationships_kegg-class-matches_links_related,https://www.ebi.ac.uk/metagenomics/api/v1/genomes/MGYG-HGUT-04642/kegg-class
data_2_relationships_releases_meta_count,0
data_2_relationships_downloads_links_related,https://www.ebi.ac.uk/metagenomics/api/v1/genomes/MGYG-HGUT-04642/downloads
data_2_links_self,https://www.ebi.ac.uk/metagenomics/api/v1/genomes/MGYG-HGUT-04642
data_3_type,genomes
data_3_id,MGYG-HGUT-04641
data_3_attributes_genome-id,995
data_3_attributes_geographic-origin,Europe
data_3_attributes_accession,MGYG-HGUT-04641
data_3_attributes_ena-genome-accession,
data_3_attributes_ena-sample-accession,ERS436802
data_3_attributes_ena-study-accession,ERP005534
data_3_attributes_ncbi-genome-accession,
data_3_attributes_ncbi-sample-accession,
data_3_attributes_ncbi-study-accession,
data_3_attributes_img-genome-accession,
data_3_attributes_patric-genome-accession,
data_3_attributes_length,1772088
data_3_attributes_num-contigs,174
data_3_attributes_n-50,17325
data_3_attributes_gc-content,62.69
data_3_attributes_type,MAG
data_3_attributes_completeness,68.94
data_3_attributes_contamination,0.0
data_3_attributes_rna-5s,0.0
data_3_attributes_rna-16s,0.0
data_3_attributes_rna-23s,0.0
data_3_attributes_trnas,14.0
data_3_attributes_nc-rnas,41
data_3_attributes_num-proteins,1420
data_3_attributes_eggnog-coverage,91.55
data_3_attributes_ipr-coverage,92.04
data_3_attributes_taxon-lineage,d__Bacteria;p__Proteobacteria;c__Gammaproteobacteria;o__Burkholderiales;f__Burkholderiaceae;g__Sutterella;s__
data_3_attributes_cmseq,0.2
data_3_attributes_taxincons,0.0
data_3_attributes_num-genomes-total,
data_3_attributes_num-genomes-non-redundant,
data_3_attributes_pangenome-size,
data_3_attributes_pangenome-core-size,
data_3_attributes_pangenome-accessory-size,
data_3_attributes_pangenome-eggnog-coverage,
data_3_attributes_pangenome-ipr-coverage,
data_3_attributes_last-update,2020-07-16T13:35:36.651890
data_3_attributes_first-created,2019-09-17T11:20:11.661023
data_3_relationships_kegg-modules-matches_links_related,https://www.ebi.ac.uk/metagenomics/api/v1/genomes/MGYG-HGUT-04641/kegg-module
data_3_relationships_cog-matches_links_related,https://www.ebi.ac.uk/metagenomics/api/v1/genomes/MGYG-HGUT-04641/cogs
data_3_relationships_antismash-geneclusters_links_related,https://www.ebi.ac.uk/metagenomics/api/v1/genomes/MGYG-HGUT-04641/antismash-genecluster
data_3_relationships_biome_data_type,biomes
data_3_relationships_biome_data_id,root:Host-associated:Human:Digestive system:Large intestine
data_3_relationships_biome_links_related,https://www.ebi.ac.uk/metagenomics/api/v1/biomes/root:Host-associated:Human:Digestive%20system:Large%20intestine
data_3_relationships_kegg-class-matches_links_related,https://www.ebi.ac.uk/metagenomics/api/v1/genomes/MGYG-HGUT-04641/kegg-class
data_3_relationships_releases_meta_count,0
data_3_relationships_downloads_links_related,https://www.ebi.ac.uk/metagenomics/api/v1/genomes/MGYG-HGUT-04641/downloads
data_3_links_self,https://www.ebi.ac.uk/metagenomics/api/v1/genomes/MGYG-HGUT-04641
data_4_type,genomes
data_4_id,MGYG-HGUT-04640
data_4_attributes_genome-id,498
data_4_attributes_geographic-origin,Europe
data_4_attributes_geographic-range_0,Europe
data_4_attributes_geographic-range_1,Asia
data_4_attributes_accession,MGYG-HGUT-04640
data_4_attributes_ena-genome-accession,
data_4_attributes_ena-sample-accession,ERS436824
data_4_attributes_ena-study-accession,ERP005534
data_4_attributes_ncbi-genome-accession,
data_4_attributes_ncbi-sample-accession,
data_4_attributes_ncbi-study-accession,
data_4_attributes_img-genome-accession,
data_4_attributes_patric-genome-accession,
data_4_attributes_length,2596429
data_4_attributes_num-contigs,276
data_4_attributes_n-50,11755
data_4_attributes_gc-content,51.72
data_4_attributes_type,MAG
data_4_attributes_completeness,84.97
data_4_attributes_contamination,0.35
data_4_attributes_rna-5s,0.0
data_4_attributes_rna-16s,0.0
data_4_attributes_rna-23s,0.0
data_4_attributes_trnas,11.0
data_4_attributes_nc-rnas,25
data_4_attributes_num-proteins,2123
data_4_attributes_eggnog-coverage,84.5
data_4_attributes_ipr-coverage,82.01
data_4_attributes_taxon-lineage,d__Bacteria;p__Bacteroidota;c__Bacteroidia;o__Bacteroidales;f__Bacteroidaceae;g__Prevotella;s__
data_4_attributes_cmseq,1.09
data_4_attributes_taxincons,0.0
data_4_attributes_num-genomes-total,11
data_4_attributes_num-genomes-non-redundant,10
data_4_attributes_pangenome-size,3870
data_4_attributes_pangenome-core-size,1133
data_4_attributes_pangenome-accessory-size,2737
data_4_attributes_pangenome-eggnog-coverage,80.41
data_4_attributes_pangenome-ipr-coverage,76.36
data_4_attributes_last-update,2020-07-16T13:12:40.821941
data_4_attributes_first-created,2019-09-17T10:43:53.249070
data_4_relationships_kegg-modules-matches_links_related,https://www.ebi.ac.uk/metagenomics/api/v1/genomes/MGYG-HGUT-04640/kegg-module
data_4_relationships_cog-matches_links_related,https://www.ebi.ac.uk/metagenomics/api/v1/genomes/MGYG-HGUT-04640/cogs
data_4_relationships_antismash-geneclusters_links_related,https://www.ebi.ac.uk/metagenomics/api/v1/genomes/MGYG-HGUT-04640/antismash-genecluster
data_4_relationships_biome_data_type,biomes
data_4_relationships_biome_data_id,root:Host-associated:Human:Digestive system:Large intestine
data_4_relationships_biome_links_related,https://www.ebi.ac.uk/metagenomics/api/v1/biomes/root:Host-associated:Human:Digestive%20system:Large%20intestine
data_4_relationships_kegg-class-matches_links_related,https://www.ebi.ac.uk/metagenomics/api/v1/genomes/MGYG-HGUT-04640/kegg-class
data_4_relationships_releases_meta_count,0
data_4_relationships_downloads_links_related,https://www.ebi.ac.uk/metagenomics/api/v1/genomes/MGYG-HGUT-04640/downloads
data_4_links_self,https://www.ebi.ac.uk/metagenomics/api/v1/genomes/MGYG-HGUT-04640
data_5_type,genomes
data_5_id,MGYG-HGUT-04639
data_5_attributes_genome-id,4542
data_5_attributes_geographic-origin,Europe
data_5_attributes_geographic-range_0,North America
data_5_attributes_geographic-range_1,Europe
data_5_attributes_geographic-range_2,Asia
data_5_attributes_geographic-range_3,Oceania
data_5_attributes_accession,MGYG-HGUT-04639
data_5_attributes_ena-genome-accession,
data_5_attributes_ena-sample-accession,ERS436827
data_5_attributes_ena-study-accession,ERP005534
data_5_attributes_ncbi-genome-accession,
data_5_attributes_ncbi-sample-accession,
data_5_attributes_ncbi-study-accession,
data_5_attributes_img-genome-accession,
data_5_attributes_patric-genome-accession,
data_5_attributes_length,1878053
data_5_attributes_num-contigs,13
data_5_attributes_n-50,224209
data_5_attributes_gc-content,45.6
data_5_attributes_type,MAG
data_5_attributes_completeness,98.92
data_5_attributes_contamination,0.0
data_5_attributes_rna-5s,0.0
data_5_attributes_rna-16s,0.0
data_5_attributes_rna-23s,0.0
data_5_attributes_trnas,20.0
data_5_attributes_nc-rnas,47
data_5_attributes_num-proteins,1869
data_5_attributes_eggnog-coverage,64.42
data_5_attributes_ipr-coverage,74.37
data_5_attributes_taxon-lineage,d__Bacteria;p__Proteobacteria;c__Alphaproteobacteria;o__RF32;f__CAG-239;g__CAG-495;s__CAG-495 sp000432275
data_5_attributes_cmseq,0.05
data_5_attributes_taxincons,0.0
data_5_attributes_num-genomes-total,188
data_5_attributes_num-genomes-non-redundant,135
data_5_attributes_pangenome-size,7826
data_5_attributes_pangenome-core-size,980
data_5_attributes_pangenome-accessory-size,6846
data_5_attributes_pangenome-eggnog-coverage,52.02
data_5_attributes_pangenome-ipr-coverage,60.09
data_5_attributes_last-update,2020-07-16T16:25:52.895641
data_5_attributes_first-created,2019-09-17T14:49:36.025610
data_5_relationships_kegg-modules-matches_links_related,https://www.ebi.ac.uk/metagenomics/api/v1/genomes/MGYG-HGUT-04639/kegg-module
data_5_relationships_cog-matches_links_related,https://www.ebi.ac.uk/metagenomics/api/v1/genomes/MGYG-HGUT-04639/cogs
data_5_relationships_antismash-geneclusters_links_related,https://www.ebi.ac.uk/metagenomics/api/v1/genomes/MGYG-HGUT-04639/antismash-genecluster
data_5_relationships_biome_data_type,biomes
data_5_relationships_biome_data_id,root:Host-associated:Human:Digestive system:Large intestine
data_5_relationships_biome_links_related,https://www.ebi.ac.uk/metagenomics/api/v1/biomes/root:Host-associated:Human:Digestive%20system:Large%20intestine
data_5_relationships_kegg-class-matches_links_related,https://www.ebi.ac.uk/metagenomics/api/v1/genomes/MGYG-HGUT-04639/kegg-class
data_5_relationships_releases_meta_count,0
data_5_relationships_downloads_links_related,https://www.ebi.ac.uk/metagenomics/api/v1/genomes/MGYG-HGUT-04639/downloads
data_5_links_self,https://www.ebi.ac.uk/metagenomics/api/v1/genomes/MGYG-HGUT-04639
data_6_type,genomes
data_6_id,MGYG-HGUT-04638
data_6_attributes_genome-id,4207
data_6_attributes_geographic-origin,Europe
data_6_attributes_accession,MGYG-HGUT-04638
data_6_attributes_ena-genome-accession,
data_6_attributes_ena-sample-accession,ERS436833
data_6_attributes_ena-study-accession,ERP005534
data_6_attributes_ncbi-genome-accession,
data_6_attributes_ncbi-sample-accession,
data_6_attributes_ncbi-study-accession,
data_6_attributes_img-genome-accession,
data_6_attributes_patric-genome-accession,
data_6_attributes_length,1864341
data_6_attributes_num-contigs,81
data_6_attributes_n-50,34081
data_6_attributes_gc-content,47.5
data_6_attributes_type,MAG
data_6_attributes_completeness,68.79
data_6_attributes_contamination,0.56
data_6_attributes_rna-5s,0.0
data_6_attributes_rna-16s,0.0
data_6_attributes_rna-23s,0.0
data_6_attributes_trnas,17.0
data_6_attributes_nc-rnas,39
data_6_attributes_num-proteins,1424
data_6_attributes_eggnog-coverage,87.71
data_6_attributes_ipr-coverage,84.9
data_6_attributes_taxon-lineage,d__Bacteria;p__Bacteroidota;c__Bacteroidia;o__Bacteroidales;f__Bacteroidaceae;g__F0040;s__F0040 sp000318095
data_6_attributes_cmseq,0.23
data_6_attributes_taxincons,0.0
data_6_attributes_num-genomes-total,
data_6_attributes_num-genomes-non-redundant,
data_6_attributes_pangenome-size,
data_6_attributes_pangenome-core-size,
data_6_attributes_pangenome-accessory-size,
data_6_attributes_pangenome-eggnog-coverage,
data_6_attributes_pangenome-ipr-coverage,
data_6_attributes_last-update,2020-07-16T16:10:25.346415
data_6_attributes_first-created,2019-09-17T14:30:27.280593
data_6_relationships_kegg-modules-matches_links_related,https://www.ebi.ac.uk/metagenomics/api/v1/genomes/MGYG-HGUT-04638/kegg-module
data_6_relationships_cog-matches_links_related,https://www.ebi.ac.uk/metagenomics/api/v1/genomes/MGYG-HGUT-04638/cogs
data_6_relationships_antismash-geneclusters_links_related,https://www.ebi.ac.uk/metagenomics/api/v1/genomes/MGYG-HGUT-04638/antismash-genecluster
data_6_relationships_biome_data_type,biomes
data_6_relationships_biome_data_id,root:Host-associated:Human:Digestive system:Large intestine
data_6_relationships_biome_links_related,https://www.ebi.ac.uk/metagenomics/api/v1/biomes/root:Host-associated:Human:Digestive%20system:Large%20intestine
data_6_relationships_kegg-class-matches_links_related,https://www.ebi.ac.uk/metagenomics/api/v1/genomes/MGYG-HGUT-04638/kegg-class
data_6_relationships_releases_meta_count,0
data_6_relationships_downloads_links_related,https://www.ebi.ac.uk/metagenomics/api/v1/genomes/MGYG-HGUT-04638/downloads
data_6_links_self,https://www.ebi.ac.uk/metagenomics/api/v1/genomes/MGYG-HGUT-04638
data_7_type,genomes
data_7_id,MGYG-HGUT-04637
data_7_attributes_genome-id,3903
data_7_attributes_geographic-origin,Europe
data_7_attributes_geographic-range_0,Europe
data_7_attributes_geographic-range_1,Asia
data_7_attributes_accession,MGYG-HGUT-04637
data_7_attributes_ena-genome-accession,
data_7_attributes_ena-sample-accession,ERS436812
data_7_attributes_ena-study-accession,ERP005534
data_7_attributes_ncbi-genome-accession,
data_7_attributes_ncbi-sample-accession,
data_7_attributes_ncbi-study-accession,
data_7_attributes_img-genome-accession,
data_7_attributes_patric-genome-accession,
data_7_attributes_length,1523029
data_7_attributes_num-contigs,182
data_7_attributes_n-50,12938
data_7_attributes_gc-content,52.69
data_7_attributes_type,MAG
data_7_attributes_completeness,96.74
data_7_attributes_contamination,0.24
data_7_attributes_rna-5s,95.8
data_7_attributes_rna-16s,0.0
data_7_attributes_rna-23s,34.15
data_7_attributes_trnas,17.0
data_7_attributes_nc-rnas,50
data_7_attributes_num-proteins,1362
data_7_attributes_eggnog-coverage,87.08
data_7_attributes_ipr-coverage,88.03
data_7_attributes_taxon-lineage,d__Bacteria;p__Proteobacteria;c__Gammaproteobacteria;o__Burkholderiales;f__Burkholderiaceae;g__Duodenibacillus;s__
data_7_attributes_cmseq,0.08
data_7_attributes_taxincons,0.0
data_7_attributes_num-genomes-total,17
data_7_attributes_num-genomes-non-redundant,12
data_7_attributes_pangenome-size,2431
data_7_attributes_pangenome-core-size,678
data_7_attributes_pangenome-accessory-size,1753
data_7_attributes_pangenome-eggnog-coverage,73.02
data_7_attributes_pangenome-ipr-coverage,75.69
data_7_attributes_last-update,2020-07-16T15:55:45.685149
data_7_attributes_first-created,2019-09-17T14:11:58.621533
data_7_relationships_kegg-modules-matches_links_related,https://www.ebi.ac.uk/metagenomics/api/v1/genomes/MGYG-HGUT-04637/kegg-module
data_7_relationships_cog-matches_links_related,https://www.ebi.ac.uk/metagenomics/api/v1/genomes/MGYG-HGUT-04637/cogs
data_7_relationships_antismash-geneclusters_links_related,https://www.ebi.ac.uk/metagenomics/api/v1/genomes/MGYG-HGUT-04637/antismash-genecluster
data_7_relationships_biome_data_type,biomes
data_7_relationships_biome_data_id,root:Host-associated:Human:Digestive system:Large intestine
data_7_relationships_biome_links_related,https://www.ebi.ac.uk/metagenomics/api/v1/biomes/root:Host-associated:Human:Digestive%20system:Large%20intestine
data_7_relationships_kegg-class-matches_links_related,https://www.ebi.ac.uk/metagenomics/api/v1/genomes/MGYG-HGUT-04637/kegg-class
data_7_relationships_releases_meta_count,0
data_7_relationships_downloads_links_related,https://www.ebi.ac.uk/metagenomics/api/v1/genomes/MGYG-HGUT-04637/downloads
data_7_links_self,https://www.ebi.ac.uk/metagenomics/api/v1/genomes/MGYG-HGUT-04637
data_8_type,genomes
data_8_id,MGYG-HGUT-04636
data_8_attributes_genome-id,163
data_8_attributes_geographic-origin,Europe
data_8_attributes_accession,MGYG-HGUT-04636
data_8_attributes_ena-genome-accession,
data_8_attributes_ena-sample-accession,ERS436812
data_8_attributes_ena-study-accession,ERP005534
data_8_attributes_ncbi-genome-accession,
data_8_attributes_ncbi-sample-accession,
data_8_attributes_ncbi-study-accession,
data_8_attributes_img-genome-accession,
data_8_attributes_patric-genome-accession,
data_8_attributes_length,2253564
data_8_attributes_num-contigs,125
data_8_attributes_n-50,31090
data_8_attributes_gc-content,53.66
data_8_attributes_type,MAG
data_8_attributes_completeness,82.29
data_8_attributes_contamination,1.76
data_8_attributes_rna-5s,0.0
data_8_attributes_rna-16s,0.0
data_8_attributes_rna-23s,0.0
data_8_attributes_trnas,17.0
data_8_attributes_nc-rnas,42
data_8_attributes_num-proteins,1899
data_8_attributes_eggnog-coverage,88.41
data_8_attributes_ipr-coverage,89.63
data_8_attributes_taxon-lineage,d__Bacteria;p__Bacteroidota;c__Bacteroidia;o__Bacteroidales;f__Muribaculaceae;g__Paramuribaculum;s__
data_8_attributes_cmseq,0.41
data_8_attributes_taxincons,0.0
data_8_attributes_num-genomes-total,
data_8_attributes_num-genomes-non-redundant,
data_8_attributes_pangenome-size,
data_8_attributes_pangenome-core-size,
data_8_attributes_pangenome-accessory-size,
data_8_attributes_pangenome-eggnog-coverage,
data_8_attributes_pangenome-ipr-coverage,
data_8_attributes_last-update,2020-07-16T12:56:18.465264
data_8_attributes_first-created,2019-09-17T10:20:27.653897
data_8_relationships_kegg-modules-matches_links_related,https://www.ebi.ac.uk/metagenomics/api/v1/genomes/MGYG-HGUT-04636/kegg-module
data_8_relationships_cog-matches_links_related,https://www.ebi.ac.uk/metagenomics/api/v1/genomes/MGYG-HGUT-04636/cogs
data_8_relationships_antismash-geneclusters_links_related,https://www.ebi.ac.uk/metagenomics/api/v1/genomes/MGYG-HGUT-04636/antismash-genecluster
data_8_relationships_biome_data_type,biomes
data_8_relationships_biome_data_id,root:Host-associated:Human:Digestive system:Large intestine
data_8_relationships_biome_links_related,https://www.ebi.ac.uk/metagenomics/api/v1/biomes/root:Host-associated:Human:Digestive%20system:Large%20intestine
data_8_relationships_kegg-class-matches_links_related,https://www.ebi.ac.uk/metagenomics/api/v1/genomes/MGYG-HGUT-04636/kegg-class
data_8_relationships_releases_meta_count,0
data_8_relationships_downloads_links_related,https://www.ebi.ac.uk/metagenomics/api/v1/genomes/MGYG-HGUT-04636/downloads
data_8_links_self,https://www.ebi.ac.uk/metagenomics/api/v1/genomes/MGYG-HGUT-04636
data_9_type,genomes
data_9_id,MGYG-HGUT-04635
data_9_attributes_genome-id,3717
data_9_attributes_geographic-origin,Europe
data_9_attributes_accession,MGYG-HGUT-04635
data_9_attributes_ena-genome-accession,
data_9_attributes_ena-sample-accession,ERS436829
data_9_attributes_ena-study-accession,ERP005534
data_9_attributes_ncbi-genome-accession,
data_9_attributes_ncbi-sample-accession,
data_9_attributes_ncbi-study-accession,
data_9_attributes_img-genome-accession,
data_9_attributes_patric-genome-accession,
data_9_attributes_length,1613361
data_9_attributes_num-contigs,352
data_9_attributes_n-50,5810
data_9_attributes_gc-content,62.68
data_9_attributes_type,MAG
data_9_attributes_completeness,78.64
data_9_attributes_contamination,1.49
data_9_attributes_rna-5s,86.55
data_9_attributes_rna-16s,0.0
data_9_attributes_rna-23s,5.44
data_9_attributes_trnas,13.0
data_9_attributes_nc-rnas,47
data_9_attributes_num-proteins,1590
data_9_attributes_eggnog-coverage,78.36
data_9_attributes_ipr-coverage,83.71
data_9_attributes_taxon-lineage,d__Bacteria;p__Actinobacteriota;c__Coriobacteriia;o__Coriobacteriales;f__Eggerthellaceae;g__;s__
data_9_attributes_cmseq,1.39
data_9_attributes_taxincons,0.0
data_9_attributes_num-genomes-total,
data_9_attributes_num-genomes-non-redundant,
data_9_attributes_pangenome-size,
data_9_attributes_pangenome-core-size,
data_9_attributes_pangenome-accessory-size,
data_9_attributes_pangenome-eggnog-coverage,
data_9_attributes_pangenome-ipr-coverage,
data_9_attributes_last-update,2020-07-16T15:47:10.370852
data_9_attributes_first-created,2019-09-17T14:01:51.585021
data_9_relationships_kegg-modules-matches_links_related,https://www.ebi.ac.uk/metagenomics/api/v1/genomes/MGYG-HGUT-04635/kegg-module
data_9_relationships_cog-matches_links_related,https://www.ebi.ac.uk/metagenomics/api/v1/genomes/MGYG-HGUT-04635/cogs
data_9_relationships_antismash-geneclusters_links_related,https://www.ebi.ac.uk/metagenomics/api/v1/genomes/MGYG-HGUT-04635/antismash-genecluster
data_9_relationships_biome_data_type,biomes
data_9_relationships_biome_data_id,root:Host-associated:Human:Digestive system:Large intestine
data_9_relationships_biome_links_related,https://www.ebi.ac.uk/metagenomics/api/v1/biomes/root:Host-associated:Human:Digestive%20system:Large%20intestine
data_9_relationships_kegg-class-matches_links_related,https://www.ebi.ac.uk/metagenomics/api/v1/genomes/MGYG-HGUT-04635/kegg-class
data_9_relationships_releases_meta_count,0
data_9_relationships_downloads_links_related,https://www.ebi.ac.uk/metagenomics/api/v1/genomes/MGYG-HGUT-04635/downloads
data_9_links_self,https://www.ebi.ac.uk/metagenomics/api/v1/genomes/MGYG-HGUT-04635
data_10_type,genomes
data_10_id,MGYG-HGUT-04634
data_10_attributes_genome-id,717
data_10_attributes_geographic-origin,Europe
data_10_attributes_accession,MGYG-HGUT-04634
data_10_attributes_ena-genome-accession,
data_10_attributes_ena-sample-accession,ERS436817
data_10_attributes_ena-study-accession,ERP005534
data_10_attributes_ncbi-genome-accession,
data_10_attributes_ncbi-sample-accession,
data_10_attributes_ncbi-study-accession,
data_10_attributes_img-genome-accession,
data_10_attributes_patric-genome-accession,
data_10_attributes_length,2025534
data_10_attributes_num-contigs,369
data_10_attributes_n-50,6722
data_10_attributes_gc-content,35.03
data_10_attributes_type,MAG
data_10_attributes_completeness,90.44
data_10_attributes_contamination,0.78
data_10_attributes_rna-5s,0.0
data_10_attributes_rna-16s,0.0
data_10_attributes_rna-23s,0.0
data_10_attributes_trnas,11.0
data_10_attributes_nc-rnas,48
data_10_attributes_num-proteins,1820
data_10_attributes_eggnog-coverage,88.24
data_10_attributes_ipr-coverage,88.79
data_10_attributes_taxon-lineage,d__Bacteria;p__Firmicutes_A;c__Clostridia;o__Lachnospirales;f__CAG-274;g__;s__
data_10_attributes_cmseq,0.24
data_10_attributes_taxincons,0.0
data_10_attributes_num-genomes-total,
data_10_attributes_num-genomes-non-redundant,
data_10_attributes_pangenome-size,
data_10_attributes_pangenome-core-size,
data_10_attributes_pangenome-accessory-size,
data_10_attributes_pangenome-eggnog-coverage,
data_10_attributes_pangenome-ipr-coverage,
data_10_attributes_last-update,2020-07-16T13:23:11.354473
data_10_attributes_first-created,2019-09-17T10:59:58.670081
data_10_relationships_kegg-modules-matches_links_related,https://www.ebi.ac.uk/metagenomics/api/v1/genomes/MGYG-HGUT-04634/kegg-module
data_10_relationships_cog-matches_links_related,https://www.ebi.ac.uk/metagenomics/api/v1/genomes/MGYG-HGUT-04634/cogs
data_10_relationships_antismash-geneclusters_links_related,https://www.ebi.ac.uk/metagenomics/api/v1/genomes/MGYG-HGUT-04634/antismash-genecluster
data_10_relationships_biome_data_type,biomes
data_10_relationships_biome_data_id,root:Host-associated:Human:Digestive system:Large intestine
data_10_relationships_biome_links_related,https://www.ebi.ac.uk/metagenomics/api/v1/biomes/root:Host-associated:Human:Digestive%20system:Large%20intestine
data_10_relationships_kegg-class-matches_links_related,https://www.ebi.ac.uk/metagenomics/api/v1/genomes/MGYG-HGUT-04634/kegg-class
data_10_relationships_releases_meta_count,0
data_10_relationships_downloads_links_related,https://www.ebi.ac.uk/metagenomics/api/v1/genomes/MGYG-HGUT-04634/downloads
data_10_links_self,https://www.ebi.ac.uk/metagenomics/api/v1/genomes/MGYG-HGUT-04634
data_11_type,genomes
data_11_id,MGYG-HGUT-04633
data_11_attributes_genome-id,1773
data_11_attributes_geographic-origin,Europe
data_11_attributes_geographic-range_0,Europe
data_11_attributes_accession,MGYG-HGUT-04633
data_11_attributes_ena-genome-accession,
data_11_attributes_ena-sample-accession,ERS436817
data_11_attributes_ena-study-accession,ERP005534
data_11_attributes_ncbi-genome-accession,
data_11_attributes_ncbi-sample-accession,
data_11_attributes_ncbi-study-accession,
data_11_attributes_img-genome-accession,
data_11_attributes_patric-genome-accession,
data_11_attributes_length,2814686
data_11_attributes_num-contigs,257
data_11_attributes_n-50,16788
data_11_attributes_gc-content,29.24
data_11_attributes_type,MAG
data_11_attributes_completeness,99.06
data_11_attributes_contamination,0.0
data_11_attributes_rna-5s,68.07
data_11_attributes_rna-16s,0.0
data_11_attributes_rna-23s,11.32
data_11_attributes_trnas,12.0
data_11_attributes_nc-rnas,56
data_11_attributes_num-proteins,2733
data_11_attributes_eggnog-coverage,90.67
data_11_attributes_ipr-coverage,87.52
data_11_attributes_taxon-lineage,d__Bacteria;p__Firmicutes;c__Bacilli;o__Erysipelotrichales;f__Erysipelatoclostridiaceae;g__Erysipelatoclostridium;s__Erysipelatoclostridium sp002160495
data_11_attributes_cmseq,0.14
data_11_attributes_taxincons,0.0
data_11_attributes_num-genomes-total,2
data_11_attributes_num-genomes-non-redundant,2
data_11_attributes_pangenome-size,3535
data_11_attributes_pangenome-core-size,2112
data_11_attributes_pangenome-accessory-size,1423
data_11_attributes_pangenome-eggnog-coverage,86.48
data_11_attributes_pangenome-ipr-coverage,83.25
data_11_attributes_last-update,2020-07-16T14:14:07.564517
data_11_attributes_first-created,2019-09-17T12:10:34.696230
data_11_relationships_kegg-modules-matches_links_related,https://www.ebi.ac.uk/metagenomics/api/v1/genomes/MGYG-HGUT-04633/kegg-module
data_11_relationships_cog-matches_links_related,https://www.ebi.ac.uk/metagenomics/api/v1/genomes/MGYG-HGUT-04633/cogs
data_11_relationships_antismash-geneclusters_links_related,https://www.ebi.ac.uk/metagenomics/api/v1/genomes/MGYG-HGUT-04633/antismash-genecluster
data_11_relationships_biome_data_type,biomes
data_11_relationships_biome_data_id,root:Host-associated:Human:Digestive system:Large intestine
data_11_relationships_biome_links_related,https://www.ebi.ac.uk/metagenomics/api/v1/biomes/root:Host-associated:Human:Digestive%20system:Large%20intestine
data_11_relationships_kegg-class-matches_links_related,https://www.ebi.ac.uk/metagenomics/api/v1/genomes/MGYG-HGUT-04633/kegg-class
data_11_relationships_releases_meta_count,0
data_11_relationships_downloads_links_related,https://www.ebi.ac.uk/metagenomics/api/v1/genomes/MGYG-HGUT-04633/downloads
data_11_links_self,https://www.ebi.ac.uk/metagenomics/api/v1/genomes/MGYG-HGUT-04633
data_12_type,genomes
data_12_id,MGYG-HGUT-04632
data_12_attributes_genome-id,2795
data_12_attributes_geographic-origin,Europe
data_12_attributes_geographic-range_0,Africa
data_12_attributes_geographic-range_1,Asia
data_12_attributes_geographic-range_2,Europe
data_12_attributes_geographic-range_3,North America
data_12_attributes_geographic-range_4,Oceania
data_12_attributes_geographic-range_5,South America
data_12_attributes_accession,MGYG-HGUT-04632
data_12_attributes_ena-genome-accession,
data_12_attributes_ena-sample-accession,ERS436819
data_12_attributes_ena-study-accession,ERP005534
data_12_attributes_ncbi-genome-accession,
data_12_attributes_ncbi-sample-accession,
data_12_attributes_ncbi-study-accession,
data_12_attributes_img-genome-accession,
data_12_attributes_patric-genome-accession,
data_12_attributes_length,2937832
data_12_attributes_num-contigs,75
data_12_attributes_n-50,67997
data_12_attributes_gc-content,53.6
data_12_attributes_type,MAG
data_12_attributes_completeness,98.19
data_12_attributes_contamination,0.68
data_12_attributes_rna-5s,0.0
data_12_attributes_rna-16s,0.0
data_12_attributes_rna-23s,0.0
data_12_attributes_trnas,16.0
data_12_attributes_nc-rnas,51
data_12_attributes_num-proteins,2258
data_12_attributes_eggnog-coverage,81.44
data_12_attributes_ipr-coverage,80.34
data_12_attributes_taxon-lineage,d__Bacteria;p__Bacteroidota;c__Bacteroidia;o__Bacteroidales;f__Bacteroidaceae;g__Prevotella;s__Prevotella sp002300055
data_12_attributes_cmseq,0.13
data_12_attributes_taxincons,0.0
data_12_attributes_num-genomes-total,93
data_12_attributes_num-genomes-non-redundant,70
data_12_attributes_pangenome-size,7372
data_12_attributes_pangenome-core-size,1285
data_12_attributes_pangenome-accessory-size,6087
data_12_attributes_pangenome-eggnog-coverage,62.56
data_12_attributes_pangenome-ipr-coverage,62.62
data_12_attributes_last-update,2020-07-16T15:02:41.871276
data_12_attributes_first-created,2019-09-17T13:09:07.949856
data_12_relationships_kegg-modules-matches_links_related,https://www.ebi.ac.uk/metagenomics/api/v1/genomes/MGYG-HGUT-04632/kegg-module
data_12_relationships_cog-matches_links_related,https://www.ebi.ac.uk/metagenomics/api/v1/genomes/MGYG-HGUT-04632/cogs
data_12_relationships_antismash-geneclusters_links_related,https://www.ebi.ac.uk/metagenomics/api/v1/genomes/MGYG-HGUT-04632/antismash-genecluster
data_12_relationships_biome_data_type,biomes
data_12_relationships_biome_data_id,root:Host-associated:Human:Digestive system:Large intestine
data_12_relationships_biome_links_related,https://www.ebi.ac.uk/metagenomics/api/v1/biomes/root:Host-associated:Human:Digestive%20system:Large%20intestine
data_12_relationships_kegg-class-matches_links_related,https://www.ebi.ac.uk/metagenomics/api/v1/genomes/MGYG-HGUT-04632/kegg-class
data_12_relationships_releases_meta_count,0
data_12_relationships_downloads_links_related,https://www.ebi.ac.uk/metagenomics/api/v1/genomes/MGYG-HGUT-04632/downloads
data_12_links_self,https://www.ebi.ac.uk/metagenomics/api/v1/genomes/MGYG-HGUT-04632
data_13_type,genomes
data_13_id,MGYG-HGUT-04631
data_13_attributes_genome-id,4115
data_13_attributes_geographic-origin,Europe
data_13_attributes_geographic-range_0,North America
data_13_attributes_geographic-range_1,Europe
data_13_attributes_accession,MGYG-HGUT-04631
data_13_attributes_ena-genome-accession,
data_13_attributes_ena-sample-accession,ERS436819
data_13_attributes_ena-study-accession,ERP005534
data_13_attributes_ncbi-genome-accession,
data_13_attributes_ncbi-sample-accession,
data_13_attributes_ncbi-study-accession,
data_13_attributes_img-genome-accession,
data_13_attributes_patric-genome-accession,
data_13_attributes_length,1746417
data_13_attributes_num-contigs,210
data_13_attributes_n-50,11768
data_13_attributes_gc-content,46.49
data_13_attributes_type,MAG
data_13_attributes_completeness,93.17
data_13_attributes_contamination,0.0
data_13_attributes_rna-5s,0.0
data_13_attributes_rna-16s,0.0
data_13_attributes_rna-23s,0.0
data_13_attributes_trnas,16.0
data_13_attributes_nc-rnas,42
data_13_attributes_num-proteins,1520
data_13_attributes_eggnog-coverage,91.58
data_13_attributes_ipr-coverage,90.79
data_13_attributes_taxon-lineage,d__Bacteria;p__Firmicutes_A;c__Clostridia;o__Peptostreptococcales;f__Anaerovoracaceae;g__Mogibacterium;s__Mogibacterium sp900315625
data_13_attributes_cmseq,0.15
data_13_attributes_taxincons,0.0
data_13_attributes_num-genomes-total,3
data_13_attributes_num-genomes-non-redundant,3
data_13_attributes_pangenome-size,1895
data_13_attributes_pangenome-core-size,402
data_13_attributes_pangenome-accessory-size,1493
data_13_attributes_pangenome-eggnog-coverage,88.71
data_13_attributes_pangenome-ipr-coverage,87.86
data_13_attributes_last-update,2020-07-16T16:06:07.140044
data_13_attributes_first-created,2019-09-17T14:24:47.927067
data_13_relationships_kegg-modules-matches_links_related,https://www.ebi.ac.uk/metagenomics/api/v1/genomes/MGYG-HGUT-04631/kegg-module
data_13_relationships_cog-matches_links_related,https://www.ebi.ac.uk/metagenomics/api/v1/genomes/MGYG-HGUT-04631/cogs
data_13_relationships_antismash-geneclusters_links_related,https://www.ebi.ac.uk/metagenomics/api/v1/genomes/MGYG-HGUT-04631/antismash-genecluster
data_13_relationships_biome_data_type,biomes
data_13_relationships_biome_data_id,root:Host-associated:Human:Digestive system:Large intestine
data_13_relationships_biome_links_related,https://www.ebi.ac.uk/metagenomics/api/v1/biomes/root:Host-associated:Human:Digestive%20system:Large%20intestine
data_13_relationships_kegg-class-matches_links_related,https://www.ebi.ac.uk/metagenomics/api/v1/genomes/MGYG-HGUT-04631/kegg-class
data_13_relationships_releases_meta_count,0
data_13_relationships_downloads_links_related,https://www.ebi.ac.uk/metagenomics/api/v1/genomes/MGYG-HGUT-04631/downloads
data_13_links_self,https://www.ebi.ac.uk/metagenomics/api/v1/genomes/MGYG-HGUT-04631
data_14_type,genomes
data_14_id,MGYG-HGUT-04630
data_14_attributes_genome-id,3292
data_14_attributes_geographic-origin,Europe
data_14_attributes_geographic-range_0,Europe
data_14_attributes_accession,MGYG-HGUT-04630
data_14_attributes_ena-genome-accession,
data_14_attributes_ena-sample-accession,ERS436819
data_14_attributes_ena-study-accession,ERP005534
data_14_attributes_ncbi-genome-accession,
data_14_attributes_ncbi-sample-accession,
data_14_attributes_ncbi-study-accession,
data_14_attributes_img-genome-accession,
data_14_attributes_patric-genome-accession,
data_14_attributes_length,3004054
data_14_attributes_num-contigs,116
data_14_attributes_n-50,45281
data_14_attributes_gc-content,54.83
data_14_attributes_type,MAG
data_14_attributes_completeness,99.37
data_14_attributes_contamination,1.16
data_14_attributes_rna-5s,0.0
data_14_attributes_rna-16s,0.0
data_14_attributes_rna-23s,14.26
data_14_attributes_trnas,19.0
data_14_attributes_nc-rnas,73
data_14_attributes_num-proteins,2720
data_14_attributes_eggnog-coverage,92.54
data_14_attributes_ipr-coverage,89.34
data_14_attributes_taxon-lineage,d__Bacteria;p__Firmicutes_A;c__Clostridia;o__Lachnospirales;f__Lachnospiraceae;g__GCA-900066575;s__
data_14_attributes_cmseq,0.18
data_14_attributes_taxincons,0.0
data_14_attributes_num-genomes-total,2
data_14_attributes_num-genomes-non-redundant,2
data_14_attributes_pangenome-size,3137
data_14_attributes_pangenome-core-size,2018
data_14_attributes_pangenome-accessory-size,1119
data_14_attributes_pangenome-eggnog-coverage,90.28
data_14_attributes_pangenome-ipr-coverage,88.46
data_14_attributes_last-update,2020-07-16T15:26:48.224585
data_14_attributes_first-created,2019-09-17T13:37:45.473560
data_14_relationships_kegg-modules-matches_links_related,https://www.ebi.ac.uk/metagenomics/api/v1/genomes/MGYG-HGUT-04630/kegg-module
data_14_relationships_cog-matches_links_related,https://www.ebi.ac.uk/metagenomics/api/v1/genomes/MGYG-HGUT-04630/cogs
data_14_relationships_antismash-geneclusters_links_related,https://www.ebi.ac.uk/metagenomics/api/v1/genomes/MGYG-HGUT-04630/antismash-genecluster
data_14_relationships_biome_data_type,biomes
data_14_relationships_biome_data_id,root:Host-associated:Human:Digestive system:Large intestine
data_14_relationships_biome_links_related,https://www.ebi.ac.uk/metagenomics/api/v1/biomes/root:Host-associated:Human:Digestive%20system:Large%20intestine
data_14_relationships_kegg-class-matches_links_related,https://www.ebi.ac.uk/metagenomics/api/v1/genomes/MGYG-HGUT-04630/kegg-class
data_14_relationships_releases_meta_count,0
data_14_relationships_downloads_links_related,https://www.ebi.ac.uk/metagenomics/api/v1/genomes/MGYG-HGUT-04630/downloads
data_14_links_self,https://www.ebi.ac.uk/metagenomics/api/v1/genomes/MGYG-HGUT-04630
data_15_type,genomes
data_15_id,MGYG-HGUT-04629
data_15_attributes_genome-id,2723
data_15_attributes_geographic-origin,Europe
data_15_attributes_geographic-range_0,Europe
data_15_attributes_geographic-range_1,Asia
data_15_attributes_accession,MGYG-HGUT-04629
data_15_attributes_ena-genome-accession,
data_15_attributes_ena-sample-accession,ERS436835
data_15_attributes_ena-study-accession,ERP005534
data_15_attributes_ncbi-genome-accession,
data_15_attributes_ncbi-sample-accession,
data_15_attributes_ncbi-study-accession,
data_15_attributes_img-genome-accession,
data_15_attributes_patric-genome-accession,
data_15_attributes_length,2382499
data_15_attributes_num-contigs,68
data_15_attributes_n-50,56242
data_15_attributes_gc-content,43.5
data_15_attributes_type,MAG
data_15_attributes_completeness,98.99
data_15_attributes_contamination,0.0
data_15_attributes_rna-5s,0.0
data_15_attributes_rna-16s,0.0
data_15_attributes_rna-23s,0.0
data_15_attributes_trnas,18.0
data_15_attributes_nc-rnas,56
data_15_attributes_num-proteins,1994
data_15_attributes_eggnog-coverage,84.65
data_15_attributes_ipr-coverage,80.79
data_15_attributes_taxon-lineage,d__Bacteria;p__Bacteroidota;c__Bacteroidia;o__Bacteroidales;f__Bacteroidaceae;g__Prevotella;s__Prevotella intermedia
data_15_attributes_cmseq,0.12
data_15_attributes_taxincons,0.0
data_15_attributes_num-genomes-total,18
data_15_attributes_num-genomes-non-redundant,15
data_15_attributes_pangenome-size,4048
data_15_attributes_pangenome-core-size,497
data_15_attributes_pangenome-accessory-size,3551
data_15_attributes_pangenome-eggnog-coverage,70.78
data_15_attributes_pangenome-ipr-coverage,65.51
data_15_attributes_last-update,2020-07-16T14:59:06.566921
data_15_attributes_first-created,2019-09-17T13:05:07.509524
data_15_relationships_kegg-modules-matches_links_related,https://www.ebi.ac.uk/metagenomics/api/v1/genomes/MGYG-HGUT-04629/kegg-module
data_15_relationships_cog-matches_links_related,https://www.ebi.ac.uk/metagenomics/api/v1/genomes/MGYG-HGUT-04629/cogs
data_15_relationships_antismash-geneclusters_links_related,https://www.ebi.ac.uk/metagenomics/api/v1/genomes/MGYG-HGUT-04629/antismash-genecluster
data_15_relationships_biome_data_type,biomes
data_15_relationships_biome_data_id,root:Host-associated:Human:Digestive system:Large intestine
data_15_relationships_biome_links_related,https://www.ebi.ac.uk/metagenomics/api/v1/biomes/root:Host-associated:Human:Digestive%20system:Large%20intestine
data_15_relationships_kegg-class-matches_links_related,https://www.ebi.ac.uk/metagenomics/api/v1/genomes/MGYG-HGUT-04629/kegg-class
data_15_relationships_releases_meta_count,0
data_15_relationships_downloads_links_related,https://www.ebi.ac.uk/metagenomics/api/v1/genomes/MGYG-HGUT-04629/downloads
data_15_links_self,https://www.ebi.ac.uk/metagenomics/api/v1/genomes/MGYG-HGUT-04629
data_16_type,genomes
data_16_id,MGYG-HGUT-04628
data_16_attributes_genome-id,2600
data_16_attributes_geographic-origin,Europe
data_16_attributes_geographic-range_0,Europe
data_16_attributes_accession,MGYG-HGUT-04628
data_16_attributes_ena-genome-accession,
data_16_attributes_ena-sample-accession,ERS436823
data_16_attributes_ena-study-accession,ERP005534
data_16_attributes_ncbi-genome-accession,
data_16_attributes_ncbi-sample-accession,
data_16_attributes_ncbi-study-accession,
data_16_attributes_img-genome-accession,
data_16_attributes_patric-genome-accession,
data_16_attributes_length,2940804
data_16_attributes_num-contigs,164
data_16_attributes_n-50,34995
data_16_attributes_gc-content,59.01
data_16_attributes_type,MAG
data_16_attributes_completeness,92.88
data_16_attributes_contamination,3.58
data_16_attributes_rna-5s,0.0
data_16_attributes_rna-16s,0.0
data_16_attributes_rna-23s,0.0
data_16_attributes_trnas,15.0
data_16_attributes_nc-rnas,75
data_16_attributes_num-proteins,2709
data_16_attributes_eggnog-coverage,93.36
data_16_attributes_ipr-coverage,88.82
data_16_attributes_taxon-lineage,d__Bacteria;p__Firmicutes_A;c__Clostridia;o__Oscillospirales;f__Oscillospiraceae;g__Lawsonibacter;s__
data_16_attributes_cmseq,1.0
data_16_attributes_taxincons,0.0
data_16_attributes_num-genomes-total,2
data_16_attributes_num-genomes-non-redundant,2
data_16_attributes_pangenome-size,3289
data_16_attributes_pangenome-core-size,1966
data_16_attributes_pangenome-accessory-size,1323
data_16_attributes_pangenome-eggnog-coverage,91.18
data_16_attributes_pangenome-ipr-coverage,86.07
data_16_attributes_last-update,2020-07-16T14:53:27.463117
data_16_attributes_first-created,2019-09-17T12:57:37.956303
data_16_relationships_kegg-modules-matches_links_related,https://www.ebi.ac.uk/metagenomics/api/v1/genomes/MGYG-HGUT-04628/kegg-module
data_16_relationships_cog-matches_links_related,https://www.ebi.ac.uk/metagenomics/api/v1/genomes/MGYG-HGUT-04628/cogs
data_16_relationships_antismash-geneclusters_links_related,https://www.ebi.ac.uk/metagenomics/api/v1/genomes/MGYG-HGUT-04628/antismash-genecluster
data_16_relationships_biome_data_type,biomes
data_16_relationships_biome_data_id,root:Host-associated:Human:Digestive system:Large intestine
data_16_relationships_biome_links_related,https://www.ebi.ac.uk/metagenomics/api/v1/biomes/root:Host-associated:Human:Digestive%20system:Large%20intestine
data_16_relationships_kegg-class-matches_links_related,https://www.ebi.ac.uk/metagenomics/api/v1/genomes/MGYG-HGUT-04628/kegg-class
data_16_relationships_releases_meta_count,0
data_16_relationships_downloads_links_related,https://www.ebi.ac.uk/metagenomics/api/v1/genomes/MGYG-HGUT-04628/downloads
data_16_links_self,https://www.ebi.ac.uk/metagenomics/api/v1/genomes/MGYG-HGUT-04628
data_17_type,genomes
data_17_id,MGYG-HGUT-04627
data_17_attributes_genome-id,2588
data_17_attributes_geographic-origin,Europe
data_17_attributes_geographic-range_0,North America
data_17_attributes_geographic-range_1,Europe
data_17_attributes_accession,MGYG-HGUT-04627
data_17_attributes_ena-genome-accession,
data_17_attributes_ena-sample-accession,ERS436823
data_17_attributes_ena-study-accession,ERP005534
data_17_attributes_ncbi-genome-accession,
data_17_attributes_ncbi-sample-accession,
data_17_attributes_ncbi-study-accession,
data_17_attributes_img-genome-accession,
data_17_attributes_patric-genome-accession,
data_17_attributes_length,2663266
data_17_attributes_num-contigs,37
data_17_attributes_n-50,113585
data_17_attributes_gc-content,42.2
data_17_attributes_type,MAG
data_17_attributes_completeness,99.65
data_17_attributes_contamination,0.0
data_17_attributes_rna-5s,0.0
data_17_attributes_rna-16s,0.0
data_17_attributes_rna-23s,0.0
data_17_attributes_trnas,19.0
data_17_attributes_nc-rnas,55
data_17_attributes_num-proteins,2322
data_17_attributes_eggnog-coverage,85.36
data_17_attributes_ipr-coverage,80.02
data_17_attributes_taxon-lineage,d__Bacteria;p__Bacteroidota;c__Bacteroidia;o__Bacteroidales;f__Bacteroidaceae;g__Prevotella;s__Prevotella nigrescens
data_17_attributes_cmseq,0.06
data_17_attributes_taxincons,0.0
data_17_attributes_num-genomes-total,3
data_17_attributes_num-genomes-non-redundant,3
data_17_attributes_pangenome-size,2735
data_17_attributes_pangenome-core-size,1350
data_17_attributes_pangenome-accessory-size,1385
data_17_attributes_pangenome-eggnog-coverage,83.36
data_17_attributes_pangenome-ipr-coverage,77.22
data_17_attributes_last-update,2020-07-16T14:52:53.110062
data_17_attributes_first-created,2019-09-17T12:56:47.059569
data_17_relationships_kegg-modules-matches_links_related,https://www.ebi.ac.uk/metagenomics/api/v1/genomes/MGYG-HGUT-04627/kegg-module
data_17_relationships_cog-matches_links_related,https://www.ebi.ac.uk/metagenomics/api/v1/genomes/MGYG-HGUT-04627/cogs
data_17_relationships_antismash-geneclusters_links_related,https://www.ebi.ac.uk/metagenomics/api/v1/genomes/MGYG-HGUT-04627/antismash-genecluster
data_17_relationships_biome_data_type,biomes
data_17_relationships_biome_data_id,root:Host-associated:Human:Digestive system:Large intestine
data_17_relationships_biome_links_related,https://www.ebi.ac.uk/metagenomics/api/v1/biomes/root:Host-associated:Human:Digestive%20system:Large%20intestine
data_17_relationships_kegg-class-matches_links_related,https://www.ebi.ac.uk/metagenomics/api/v1/genomes/MGYG-HGUT-04627/kegg-class
data_17_relationships_releases_meta_count,0
data_17_relationships_downloads_links_related,https://www.ebi.ac.uk/metagenomics/api/v1/genomes/MGYG-HGUT-04627/downloads
data_17_links_self,https://www.ebi.ac.uk/metagenomics/api/v1/genomes/MGYG-HGUT-04627
data_18_type,genomes
data_18_id,MGYG-HGUT-04626
data_18_attributes_genome-id,2938
data_18_attributes_geographic-origin,Europe
data_18_attributes_geographic-range_0,North America
data_18_attributes_geographic-range_1,Europe
data_18_attributes_accession,MGYG-HGUT-04626
data_18_attributes_ena-genome-accession,
data_18_attributes_ena-sample-accession,ERS436823
data_18_attributes_ena-study-accession,ERP005534
data_18_attributes_ncbi-genome-accession,
data_18_attributes_ncbi-sample-accession,
data_18_attributes_ncbi-study-accession,
data_18_attributes_img-genome-accession,
data_18_attributes_patric-genome-accession,
data_18_attributes_length,1754327
data_18_attributes_num-contigs,21
data_18_attributes_n-50,115806
data_18_attributes_gc-content,48.13
data_18_attributes_type,MAG
data_18_attributes_completeness,97.4
data_18_attributes_contamination,1.25
data_18_attributes_rna-5s,0.0
data_18_attributes_rna-16s,0.0
data_18_attributes_rna-23s,0.0
data_18_attributes_trnas,19.0
data_18_attributes_nc-rnas,56
data_18_attributes_num-proteins,1595
data_18_attributes_eggnog-coverage,92.6
data_18_attributes_ipr-coverage,92.79
data_18_attributes_taxon-lineage,d__Bacteria;p__Proteobacteria;c__Gammaproteobacteria;o__Burkholderiales;f__Burkholderiaceae;g__CAG-521;s__
data_18_attributes_cmseq,0.01
data_18_attributes_taxincons,0.0
data_18_attributes_num-genomes-total,2
data_18_attributes_num-genomes-non-redundant,2
data_18_attributes_pangenome-size,1721
data_18_attributes_pangenome-core-size,1216
data_18_attributes_pangenome-accessory-size,505
data_18_attributes_pangenome-eggnog-coverage,90.41
data_18_attributes_pangenome-ipr-coverage,90.99
data_18_attributes_last-update,2020-07-16T15:09:24.587610
data_18_attributes_first-created,2019-09-17T13:17:25.425672
data_18_relationships_kegg-modules-matches_links_related,https://www.ebi.ac.uk/metagenomics/api/v1/genomes/MGYG-HGUT-04626/kegg-module
data_18_relationships_cog-matches_links_related,https://www.ebi.ac.uk/metagenomics/api/v1/genomes/MGYG-HGUT-04626/cogs
data_18_relationships_antismash-geneclusters_links_related,https://www.ebi.ac.uk/metagenomics/api/v1/genomes/MGYG-HGUT-04626/antismash-genecluster
data_18_relationships_biome_data_type,biomes
data_18_relationships_biome_data_id,root:Host-associated:Human:Digestive system:Large intestine
data_18_relationships_biome_links_related,https://www.ebi.ac.uk/metagenomics/api/v1/biomes/root:Host-associated:Human:Digestive%20system:Large%20intestine
data_18_relationships_kegg-class-matches_links_related,https://www.ebi.ac.uk/metagenomics/api/v1/genomes/MGYG-HGUT-04626/kegg-class
data_18_relationships_releases_meta_count,0
data_18_relationships_downloads_links_related,https://www.ebi.ac.uk/metagenomics/api/v1/genomes/MGYG-HGUT-04626/downloads
data_18_links_self,https://www.ebi.ac.uk/metagenomics/api/v1/genomes/MGYG-HGUT-04626
data_19_type,genomes
data_19_id,MGYG-HGUT-04625
data_19_attributes_genome-id,1803
data_19_attributes_geographic-origin,Europe
data_19_attributes_accession,MGYG-HGUT-04625
data_19_attributes_ena-genome-accession,
data_19_attributes_ena-sample-accession,ERS436737
data_19_attributes_ena-study-accession,ERP005534
data_19_attributes_ncbi-genome-accession,
data_19_attributes_ncbi-sample-accession,
data_19_attributes_ncbi-study-accession,
data_19_attributes_img-genome-accession,
data_19_attributes_patric-genome-accession,
data_19_attributes_length,2157144
data_19_attributes_num-contigs,29
data_19_attributes_n-50,96520
data_19_attributes_gc-content,59.92
data_19_attributes_type,MAG
data_19_attributes_completeness,100.0
data_19_attributes_contamination,0.81
data_19_attributes_rna-5s,0.0
data_19_attributes_rna-16s,0.0
data_19_attributes_rna-23s,0.0
data_19_attributes_trnas,20.0
data_19_attributes_nc-rnas,68
data_19_attributes_num-proteins,1818
data_19_attributes_eggnog-coverage,94.94
data_19_attributes_ipr-coverage,93.23
data_19_attributes_taxon-lineage,d__Bacteria;p__Actinobacteriota;c__Coriobacteriia;o__Coriobacteriales;f__Coriobacteriaceae;g__Collinsella;s__
data_19_attributes_cmseq,0.02
data_19_attributes_taxincons,0.0
data_19_attributes_num-genomes-total,
data_19_attributes_num-genomes-non-redundant,
data_19_attributes_pangenome-size,
data_19_attributes_pangenome-core-size,
data_19_attributes_pangenome-accessory-size,
data_19_attributes_pangenome-eggnog-coverage,
data_19_attributes_pangenome-ipr-coverage,
data_19_attributes_last-update,2020-07-16T14:15:29.768252
data_19_attributes_first-created,2019-09-17T12:12:12.268515
data_19_relationships_kegg-modules-matches_links_related,https://www.ebi.ac.uk/metagenomics/api/v1/genomes/MGYG-HGUT-04625/kegg-module
data_19_relationships_cog-matches_links_related,https://www.ebi.ac.uk/metagenomics/api/v1/genomes/MGYG-HGUT-04625/cogs
data_19_relationships_antismash-geneclusters_links_related,https://www.ebi.ac.uk/metagenomics/api/v1/genomes/MGYG-HGUT-04625/antismash-genecluster
data_19_relationships_biome_data_type,biomes
data_19_relationships_biome_data_id,root:Host-associated:Human:Digestive system:Large intestine
data_19_relationships_biome_links_related,https://www.ebi.ac.uk/metagenomics/api/v1/biomes/root:Host-associated:Human:Digestive%20system:Large%20intestine
data_19_relationships_kegg-class-matches_links_related,https://www.ebi.ac.uk/metagenomics/api/v1/genomes/MGYG-HGUT-04625/kegg-class
data_19_relationships_releases_meta_count,0
data_19_relationships_downloads_links_related,https://www.ebi.ac.uk/metagenomics/api/v1/genomes/MGYG-HGUT-04625/downloads
data_19_links_self,https://www.ebi.ac.uk/metagenomics/api/v1/genomes/MGYG-HGUT-04625
data_20_type,genomes
data_20_id,MGYG-HGUT-04624
data_20_attributes_genome-id,3050
data_20_attributes_geographic-origin,Europe
data_20_attributes_accession,MGYG-HGUT-04624
data_20_attributes_ena-genome-accession,
data_20_attributes_ena-sample-accession,ERS436682
data_20_attributes_ena-study-accession,ERP005534
data_20_attributes_ncbi-genome-accession,
data_20_attributes_ncbi-sample-accession,
data_20_attributes_ncbi-study-accession,
data_20_attributes_img-genome-accession,
data_20_attributes_patric-genome-accession,
data_20_attributes_length,1785578
data_20_attributes_num-contigs,390
data_20_attributes_n-50,5586
data_20_attributes_gc-content,53.64
data_20_attributes_type,MAG
data_20_attributes_completeness,68.79
data_20_attributes_contamination,1.36
data_20_attributes_rna-5s,0.0
data_20_attributes_rna-16s,0.0
data_20_attributes_rna-23s,0.0
data_20_attributes_trnas,12.0
data_20_attributes_nc-rnas,35
data_20_attributes_num-proteins,1750
data_20_attributes_eggnog-coverage,73.89
data_20_attributes_ipr-coverage,79.54
data_20_attributes_taxon-lineage,d__Bacteria;p__Firmicutes_A;c__Clostridia;o__Oscillospirales;f__CAG-272;g__CAG-390;s__
data_20_attributes_cmseq,0.3
data_20_attributes_taxincons,0.0
data_20_attributes_num-genomes-total,
data_20_attributes_num-genomes-non-redundant,
data_20_attributes_pangenome-size,
data_20_attributes_pangenome-core-size,
data_20_attributes_pangenome-accessory-size,
data_20_attributes_pangenome-eggnog-coverage,
data_20_attributes_pangenome-ipr-coverage,
data_20_attributes_last-update,2020-07-16T15:14:54.338003
data_20_attributes_first-created,2019-09-17T13:23:42.835135
data_20_relationships_kegg-modules-matches_links_related,https://www.ebi.ac.uk/metagenomics/api/v1/genomes/MGYG-HGUT-04624/kegg-module
data_20_relationships_cog-matches_links_related,https://www.ebi.ac.uk/metagenomics/api/v1/genomes/MGYG-HGUT-04624/cogs
data_20_relationships_antismash-geneclusters_links_related,https://www.ebi.ac.uk/metagenomics/api/v1/genomes/MGYG-HGUT-04624/antismash-genecluster
data_20_relationships_biome_data_type,biomes
data_20_relationships_biome_data_id,root:Host-associated:Human:Digestive system:Large intestine
data_20_relationships_biome_links_related,https://www.ebi.ac.uk/metagenomics/api/v1/biomes/root:Host-associated:Human:Digestive%20system:Large%20intestine
data_20_relationships_kegg-class-matches_links_related,https://www.ebi.ac.uk/metagenomics/api/v1/genomes/MGYG-HGUT-04624/kegg-class
data_20_relationships_releases_meta_count,0
data_20_relationships_downloads_links_related,https://www.ebi.ac.uk/metagenomics/api/v1/genomes/MGYG-HGUT-04624/downloads
data_20_links_self,https://www.ebi.ac.uk/metagenomics/api/v1/genomes/MGYG-HGUT-04624
data_21_type,genomes
data_21_id,MGYG-HGUT-04623
data_21_attributes_genome-id,2057
data_21_attributes_geographic-origin,Europe
data_21_attributes_geographic-range_0,North America
data_21_attributes_geographic-range_1,Europe
data_21_attributes_accession,MGYG-HGUT-04623
data_21_attributes_ena-genome-accession,
data_21_attributes_ena-sample-accession,ERS436702
data_21_attributes_ena-study-accession,ERP005534
data_21_attributes_ncbi-genome-accession,
data_21_attributes_ncbi-sample-accession,
data_21_attributes_ncbi-study-accession,
data_21_attributes_img-genome-accession,
data_21_attributes_patric-genome-accession,
data_21_attributes_length,3060889
data_21_attributes_num-contigs,376
data_21_attributes_n-50,11656
data_21_attributes_gc-content,43.24
data_21_attributes_type,MAG
data_21_attributes_completeness,97.07
data_21_attributes_contamination,0.21
data_21_attributes_rna-5s,0.0
data_21_attributes_rna-16s,0.0
data_21_attributes_rna-23s,0.0
data_21_attributes_trnas,18.0
data_21_attributes_nc-rnas,82
data_21_attributes_num-proteins,2836
data_21_attributes_eggnog-coverage,93.69
data_21_attributes_ipr-coverage,87.73
data_21_attributes_taxon-lineage,d__Bacteria;p__Firmicutes_A;c__Clostridia;o__Lachnospirales;f__Lachnospiraceae;g__Blautia_A;s__
data_21_attributes_cmseq,0.11
data_21_attributes_taxincons,0.0
data_21_attributes_num-genomes-total,2
data_21_attributes_num-genomes-non-redundant,2
data_21_attributes_pangenome-size,3274
data_21_attributes_pangenome-core-size,1691
data_21_attributes_pangenome-accessory-size,1583
data_21_attributes_pangenome-eggnog-coverage,92.15
data_21_attributes_pangenome-ipr-coverage,86.07
data_21_attributes_last-update,2020-07-16T14:28:33.745186
data_21_attributes_first-created,2019-09-17T12:26:48.144372
data_21_relationships_kegg-modules-matches_links_related,https://www.ebi.ac.uk/metagenomics/api/v1/genomes/MGYG-HGUT-04623/kegg-module
data_21_relationships_cog-matches_links_related,https://www.ebi.ac.uk/metagenomics/api/v1/genomes/MGYG-HGUT-04623/cogs
data_21_relationships_antismash-geneclusters_links_related,https://www.ebi.ac.uk/metagenomics/api/v1/genomes/MGYG-HGUT-04623/antismash-genecluster
data_21_relationships_biome_data_type,biomes
data_21_relationships_biome_data_id,root:Host-associated:Human:Digestive system:Large intestine
data_21_relationships_biome_links_related,https://www.ebi.ac.uk/metagenomics/api/v1/biomes/root:Host-associated:Human:Digestive%20system:Large%20intestine
data_21_relationships_kegg-class-matches_links_related,https://www.ebi.ac.uk/metagenomics/api/v1/genomes/MGYG-HGUT-04623/kegg-class
data_21_relationships_releases_meta_count,0
data_21_relationships_downloads_links_related,https://www.ebi.ac.uk/metagenomics/api/v1/genomes/MGYG-HGUT-04623/downloads
data_21_links_self,https://www.ebi.ac.uk/metagenomics/api/v1/genomes/MGYG-HGUT-04623
data_22_type,genomes
data_22_id,MGYG-HGUT-04622
data_22_attributes_genome-id,690
data_22_attributes_geographic-origin,Europe
data_22_attributes_accession,MGYG-HGUT-04622
data_22_attributes_ena-genome-accession,
data_22_attributes_ena-sample-accession,ERS436786
data_22_attributes_ena-study-accession,ERP005534
data_22_attributes_ncbi-genome-accession,
data_22_attributes_ncbi-sample-accession,
data_22_attributes_ncbi-study-accession,
data_22_attributes_img-genome-accession,
data_22_attributes_patric-genome-accession,
data_22_attributes_length,2570641
data_22_attributes_num-contigs,113
data_22_attributes_n-50,39654
data_22_attributes_gc-content,49.94
data_22_attributes_type,MAG
data_22_attributes_completeness,95.96
data_22_attributes_contamination,0.76
data_22_attributes_rna-5s,0.0
data_22_attributes_rna-16s,0.0
data_22_attributes_rna-23s,0.0
data_22_attributes_trnas,16.0
data_22_attributes_nc-rnas,48
data_22_attributes_num-proteins,1959
data_22_attributes_eggnog-coverage,90.3
data_22_attributes_ipr-coverage,88.77
data_22_attributes_taxon-lineage,d__Bacteria;p__Bacteroidota;c__Bacteroidia;o__Bacteroidales;f__Bacteroidaceae;g__Prevotella;s__Prevotella sp900316565
data_22_attributes_cmseq,0.24
data_22_attributes_taxincons,0.0
data_22_attributes_num-genomes-total,
data_22_attributes_num-genomes-non-redundant,
data_22_attributes_pangenome-size,
data_22_attributes_pangenome-core-size,
data_22_attributes_pangenome-accessory-size,
data_22_attributes_pangenome-eggnog-coverage,
data_22_attributes_pangenome-ipr-coverage,
data_22_attributes_last-update,2020-07-16T13:22:00.275608
data_22_attributes_first-created,2019-09-17T10:58:14.651927
data_22_relationships_kegg-modules-matches_links_related,https://www.ebi.ac.uk/metagenomics/api/v1/genomes/MGYG-HGUT-04622/kegg-module
data_22_relationships_cog-matches_links_related,https://www.ebi.ac.uk/metagenomics/api/v1/genomes/MGYG-HGUT-04622/cogs
data_22_relationships_antismash-geneclusters_links_related,https://www.ebi.ac.uk/metagenomics/api/v1/genomes/MGYG-HGUT-04622/antismash-genecluster
data_22_relationships_biome_data_type,biomes
data_22_relationships_biome_data_id,root:Host-associated:Human:Digestive system:Large intestine
data_22_relationships_biome_links_related,https://www.ebi.ac.uk/metagenomics/api/v1/biomes/root:Host-associated:Human:Digestive%20system:Large%20intestine
data_22_relationships_kegg-class-matches_links_related,https://www.ebi.ac.uk/metagenomics/api/v1/genomes/MGYG-HGUT-04622/kegg-class
data_22_relationships_releases_meta_count,0
data_22_relationships_downloads_links_related,https://www.ebi.ac.uk/metagenomics/api/v1/genomes/MGYG-HGUT-04622/downloads
data_22_links_self,https://www.ebi.ac.uk/metagenomics/api/v1/genomes/MGYG-HGUT-04622
data_23_type,genomes
data_23_id,MGYG-HGUT-04621
data_23_attributes_genome-id,1715
data_23_attributes_geographic-origin,Europe
data_23_attributes_accession,MGYG-HGUT-04621
data_23_attributes_ena-genome-accession,
data_23_attributes_ena-sample-accession,ERS436786
data_23_attributes_ena-study-accession,ERP005534
data_23_attributes_ncbi-genome-accession,
data_23_attributes_ncbi-sample-accession,
data_23_attributes_ncbi-study-accession,
data_23_attributes_img-genome-accession,
data_23_attributes_patric-genome-accession,
data_23_attributes_length,2838817
data_23_attributes_num-contigs,193
data_23_attributes_n-50,24304
data_23_attributes_gc-content,55.37
data_23_attributes_type,MAG
data_23_attributes_completeness,92.6
data_23_attributes_contamination,3.32
data_23_attributes_rna-5s,0.0
data_23_attributes_rna-16s,0.0
data_23_attributes_rna-23s,0.0
data_23_attributes_trnas,14.0
data_23_attributes_nc-rnas,41
data_23_attributes_num-proteins,2177
data_23_attributes_eggnog-coverage,92.74
data_23_attributes_ipr-coverage,90.95
data_23_attributes_taxon-lineage,d__Bacteria;p__Bacteroidota;c__Bacteroidia;o__Bacteroidales;f__Bacteroidaceae;g__Prevotella;s__
data_23_attributes_cmseq,0.62
data_23_attributes_taxincons,0.0
data_23_attributes_num-genomes-total,
data_23_attributes_num-genomes-non-redundant,
data_23_attributes_pangenome-size,
data_23_attributes_pangenome-core-size,
data_23_attributes_pangenome-accessory-size,
data_23_attributes_pangenome-eggnog-coverage,
data_23_attributes_pangenome-ipr-coverage,
data_23_attributes_last-update,2020-07-16T14:11:02.964446
data_23_attributes_first-created,2019-09-17T12:07:24.274175
data_23_relationships_kegg-modules-matches_links_related,https://www.ebi.ac.uk/metagenomics/api/v1/genomes/MGYG-HGUT-04621/kegg-module
data_23_relationships_cog-matches_links_related,https://www.ebi.ac.uk/metagenomics/api/v1/genomes/MGYG-HGUT-04621/cogs
data_23_relationships_antismash-geneclusters_links_related,https://www.ebi.ac.uk/metagenomics/api/v1/genomes/MGYG-HGUT-04621/antismash-genecluster
data_23_relationships_biome_data_type,biomes
data_23_relationships_biome_data_id,root:Host-associated:Human:Digestive system:Large intestine
data_23_relationships_biome_links_related,https://www.ebi.ac.uk/metagenomics/api/v1/biomes/root:Host-associated:Human:Digestive%20system:Large%20intestine
data_23_relationships_kegg-class-matches_links_related,https://www.ebi.ac.uk/metagenomics/api/v1/genomes/MGYG-HGUT-04621/kegg-class
data_23_relationships_releases_meta_count,0
data_23_relationships_downloads_links_related,https://www.ebi.ac.uk/metagenomics/api/v1/genomes/MGYG-HGUT-04621/downloads
data_23_links_self,https://www.ebi.ac.uk/metagenomics/api/v1/genomes/MGYG-HGUT-04621
data_24_type,genomes
data_24_id,MGYG-HGUT-04620
data_24_attributes_genome-id,1213
data_24_attributes_geographic-origin,Europe
data_24_attributes_accession,MGYG-HGUT-04620
data_24_attributes_ena-genome-accession,
data_24_attributes_ena-sample-accession,ERS436786
data_24_attributes_ena-study-accession,ERP005534
data_24_attributes_ncbi-genome-accession,
data_24_attributes_ncbi-sample-accession,
data_24_attributes_ncbi-study-accession,
data_24_attributes_img-genome-accession,
data_24_attributes_patric-genome-accession,
data_24_attributes_length,937993
data_24_attributes_num-contigs,153
data_24_attributes_n-50,7975
data_24_attributes_gc-content,27.44
data_24_attributes_type,MAG
data_24_attributes_completeness,64.22
data_24_attributes_contamination,2.67
data_24_attributes_rna-5s,0.0
data_24_attributes_rna-16s,0.0
data_24_attributes_rna-23s,0.0
data_24_attributes_trnas,11.0
data_24_attributes_nc-rnas,22
data_24_attributes_num-proteins,908
data_24_attributes_eggnog-coverage,63.33
data_24_attributes_ipr-coverage,77.53
data_24_attributes_taxon-lineage,d__Bacteria;p__Firmicutes;c__Bacilli;o__RF39;f__CAG-1000;g__CAG-605;s__
data_24_attributes_cmseq,0.43
data_24_attributes_taxincons,0.0
data_24_attributes_num-genomes-total,
data_24_attributes_num-genomes-non-redundant,
data_24_attributes_pangenome-size,
data_24_attributes_pangenome-core-size,
data_24_attributes_pangenome-accessory-size,
data_24_attributes_pangenome-eggnog-coverage,
data_24_attributes_pangenome-ipr-coverage,
data_24_attributes_last-update,2020-07-16T13:46:00.023690
data_24_attributes_first-created,2019-09-17T11:37:55.140733
data_24_relationships_kegg-modules-matches_links_related,https://www.ebi.ac.uk/metagenomics/api/v1/genomes/MGYG-HGUT-04620/kegg-module
data_24_relationships_cog-matches_links_related,https://www.ebi.ac.uk/metagenomics/api/v1/genomes/MGYG-HGUT-04620/cogs
data_24_relationships_antismash-geneclusters_links_related,https://www.ebi.ac.uk/metagenomics/api/v1/genomes/MGYG-HGUT-04620/antismash-genecluster
data_24_relationships_biome_data_type,biomes
data_24_relationships_biome_data_id,root:Host-associated:Human:Digestive system:Large intestine
data_24_relationships_biome_links_related,https://www.ebi.ac.uk/metagenomics/api/v1/biomes/root:Host-associated:Human:Digestive%20system:Large%20intestine
data_24_relationships_kegg-class-matches_links_related,https://www.ebi.ac.uk/metagenomics/api/v1/genomes/MGYG-HGUT-04620/kegg-class
data_24_relationships_releases_meta_count,0
data_24_relationships_downloads_links_related,https://www.ebi.ac.uk/metagenomics/api/v1/genomes/MGYG-HGUT-04620/downloads
data_24_links_self,https://www.ebi.ac.uk/metagenomics/api/v1/genomes/MGYG-HGUT-04620
meta_pagination_page,1
meta_pagination_pages,186
meta_pagination_count,4644
